X,Y
44.02010494,-92.43931254
45.31536792,-96.44581588
44.1120137,-93.25109201
44.92898519,-93.36223002
46.59380923,-95.59316041
43.9909794,-96.32323883
45.99052533,-95.95790188
48.59480202,-93.43177034
44.99230321,-93.33367574
44.74725173,-92.87328312
44.95588753,-93.09495164
44.45408513,-93.91525319
44.84316552,-93.79237948
44.61067394,-94.08523753
44.34975255,-93.97244919
47.772971,-96.61795594
46.52971167,-93.69844552
47.52633353,-95.40221803
47.5033919,-94.89991712
44.70782153,-96.27844799
43.62441169,-95.00450103
43.67200224,-96.21058073
48.10253762,-96.1836324
45.80907486,-96.50129101
44.23229821,-95.60733268
44.0456081,-95.43934259
43.62244441,-95.5984722
44.29951091,-94.72860443
45.57466059,-94.16909113
44.38778872,-92.04738659
46.29153524,-96.58842883
44.771263,-93.50289728
45.96688176,-94.3625669
44.94855495,-93.0999002
46.91595709,-95.06227361
46.79710125,-92.08739077
45.58489854,-95.90503045
45.31435721,-95.60903789
46.4456534,-95.13440141
44.94337981,-93.10714494
43.63395926,-94.10031171
47.40883706,-92.92989836
44.96773393,-93.23807517
45.87477744,-93.29120901
43.87910241,-95.11331123
44.03345769,-91.62296063
33.40346563,-91.05089815
32.40930168,-88.67599657
34.78709887,-89.41665948
32.37115474,-88.70007004
32.36843764,-88.69903542
33.06586615,-89.59836339
32.739439,-89.517516
32.8588947,-90.40425941
34.65778485,-88.56613194
33.8708532,-89.31837329
34.96986475,-89.99816568
33.52528491,-88.42782379
34.34799,-89.529729
34.49783221,-89.02806743
31.1458664,-90.45959046
33.74891062,-90.70841447
32.33159686,-90.10023004
33.31994427,-89.18268334
31.94631084,-90.98471094
31.8713551,-90.41463576
31.63722205,-89.55474347
33.41066929,-91.03480768
33.40348705,-91.05056502
33.09746861,-89.06731116
32.37605729,-88.72646197
30.36741843,-89.11603598
31.08209929,-91.0588784
31.31857979,-89.32959247
31.47318095,-90.88440552
30.44409012,-89.09343366
30.92192447,-88.59393837
33.97772925,-88.47660447
31.15399173,-88.56278243
33.5178092,-90.19915962
30.392244,-88.99959226
30.446688,-89.098263
32.03053361,-88.72595896
30.55006281,-89.66513169
33.11168955,-90.03073131
31.97702901,-89.29131849
31.70499058,-91.0680515
31.59463819,-89.8722649
32.77782229,-88.67962197
31.58916309,-90.45781796
32.57587486,-89.10376033
31.55407036,-90.0998427
31.87118017,-89.72902186
34.9353131,-88.55982341
31.25599595,-89.8055791
33.91843957,-90.49900793
30.36767541,-89.11556961
30.39593868,-88.88975065
32.28776853,-90.25451918
32.58137191,-90.08319563
31.52748985,-91.3917923
32.28664299,-90.0347478
32.32533746,-90.1054109
32.37437276,-90.82452733
31.32607396,-89.36646237
32.32965119,-90.10133418
34.92264456,-89.79202702
32.3147564,-90.17944559
32.32835321,-90.17223839
32.2413923,-90.06975006
33.82018241,-88.54024448
32.75696071,-89.10626096
34.24195934,-88.71644811
34.23760657,-88.67182751
33.7344354,-90.54545455
34.19596032,-90.55221628
33.61939639,-88.66237784
33.1222328,-88.55860538
32.24240149,-90.06874145
30.41413522,-88.78071444
33.47617386,-88.82060544
30.31677449,-89.35433795
34.30629814,-89.91460188
34.96098244,-89.8456803
32.00013987,-89.51948724
30.8565401,-89.54201063
31.34633998,-88.93772537
34.24296044,-88.99617961
32.31909412,-90.88172344
32.36806826,-88.69906394
32.37003789,-88.69753011
32.36603131,-89.47023244
32.34409674,-89.67257121
32.31526259,-90.17903678
30.36996901,-89.11611762
32.38977004,-90.14337561
32.90473853,-90.88455527
31.96907265,-89.88649447
30.37639407,-88.53344391
31.68495223,-89.1407941
31.16660224,-89.42521313
33.45751995,-90.65019353
31.25101023,-90.47395559
32.33256579,-90.16485667
30.84486814,-89.11577106
34.00405634,-90.05883233
32.36961231,-88.6972544
34.73938981,-88.95024734
32.35620681,-89.12786608
33.8942266,-88.98532759
33.4909256,-89.73855166
32.32947228,-90.17314608
33.76223436,-89.81747987
31.12037143,-90.15576773
31.67311763,-88.63391303
33.53392561,-89.26635699
32.24280574,-90.07024536
33.09800509,-89.06011088
34.13125561,-89.6420887
38.63567447,-90.26471606
38.63637879,-90.26458281
38.65387831,-90.27550162
38.79360505,-90.57961531
38.67622289,-90.46799797
38.24902844,-94.34288588
38.96381088,-94.36088203
38.81581302,-94.50300191
38.94929679,-92.31581308
38.69957445,-93.22158611
39.73043495,-94.21805603
38.56579236,-92.18179252
39.37691208,-93.49339038
38.66507203,-94.37749675
37.86022532,-94.01701241
39.0850532,-94.57242476
39.0495448,-94.34890382
38.7149685,-90.67188926
39.00701847,-92.32154702
39.08408463,-94.5772711
38.77998254,-90.33657815
38.77658169,-90.24035806
37.6264835,-93.42011395
40.3494741,-95.3947732
37.50569644,-94.30084527
36.65061008,-93.22186944
37.1507277,-93.27958382
37.22478249,-93.28996378
37.14494625,-93.27967732
36.92700362,-93.93074698
38.9243011,-94.4811889
38.19247494,-94.02125496
39.36294827,-94.23792638
39.09149817,-93.21315913
37.05075263,-94.50700683
37.05273128,-94.52679809
36.86695396,-94.36946792
38.84713525,-91.93786546
38.38967893,-93.768801
39.71061214,-91.45053843
40.26453881,-94.02565859
38.68670484,-90.31398807
37.84596516,-94.3758349
39.8171416,-93.55101621
38.69307813,-91.44958555
37.62312389,-90.64471795
38.64307325,-90.26312421
39.21928776,-94.58726916
38.50742341,-90.38001855
39.18972877,-93.87727791
38.12063059,-92.68304349
37.20580126,-93.29521862
37.30787946,-89.57583917
38.95798994,-92.31131232
37.05353824,-94.53838146
38.9580252,-92.3113789
38.90363485,-94.33298166
39.27524214,-94.42370721
39.77235362,-94.77059772
39.74803013,-92.4685423
37.55887414,-90.30293138
36.96981498,-93.71010648
37.13621149,-94.32110399
36.67478257,-93.87209284
38.19666946,-90.39360264
37.0365134,-94.50970928
37.68127753,-92.63394624
38.98348604,-90.96365241
38.5063922,-90.38067
37.17898237,-93.27527599
38.64563115,-90.44625338
38.55259009,-91.00213473
37.09895339,-93.23474195
37.104586,-93.2356021
38.64847152,-90.53406575
37.00243861,-91.70323321
38.63636666,-90.44677235
38.19582961,-91.1706424
36.88984248,-89.58346269
39.42527118,-92.41365616
39.7732177,-94.7710179
40.25275515,-94.32438907
40.32628433,-94.87638893
37.83118452,-94.36048553
39.17229271,-91.87761104
38.84344424,-91.96589736
39.14898758,-94.55116162
40.19351194,-92.5890641
39.77848924,-94.8114026
38.13496351,-92.62888933
36.73818795,-91.87458808
37.91222583,-90.53293006
37.78136592,-90.43824474
36.23730747,-89.74070983
37.24856378,-93.27240188
37.73209243,-89.8655138
39.77460335,-93.0676931
37.95248953,-91.78598299
39.44066438,-91.06478066
36.78558106,-90.4261255
36.78691061,-90.44325189
38.71595266,-90.69814249
40.48274509,-93.00564602
38.70995791,-90.41544851
39.26437785,-93.95742114
39.00889984,-94.55812509
39.00723164,-94.57773096
39.0114033,-94.56001654
38.53413331,-93.51852932
38.96638205,-92.34210442
37.30358194,-89.57114498
38.94189729,-94.38152856
39.04743362,-94.59019592
39.24898899,-94.64832907
39.37650909,-94.58142085
37.66045595,-91.56935238
40.46477539,-92.16495149
37.14643934,-93.26651852
38.63655771,-90.44624942
38.78047561,-90.48349744
38.63222218,-90.25813953
39.15134801,-94.55182786
39.27450552,-94.42410418
38.58352594,-90.2286145
37.28697143,-89.56557082
37.77375398,-90.43709356
37.31073434,-89.53984582
36.80747959,-89.96832374
38.62172491,-90.23910389
38.75055654,-90.4337425
38.7517683,-90.43516525
38.802534,-90.775864
38.63333088,-90.3126996
38.62295605,-90.23868622
38.62414869,-90.23846797
38.61560143,-90.24035661
38.52792366,-90.47641436
38.80279667,-90.77574675
38.78090867,-90.48462054
38.82215041,-90.880721
38.55869819,-92.22156912
38.63309604,-90.31089581
38.93613547,-94.60381772
38.63894385,-90.26417116
38.6049899,-90.27730968
38.65401156,-90.27630112
38.58433072,-90.45179232
38.65129081,-90.50322354
38.67570773,-90.53217838
39.02606715,-94.26385752
37.96934223,-90.05465491
40.20162729,-93.13381402
37.31612169,-91.96116854
38.63719204,-90.25794112
38.79380998,-90.57985481
38.97539187,-94.39435345
39.08453615,-94.57531678
39.0842537,-94.57288161
38.93838366,-92.32817811
37.92597311,-90.77266582
38.76593328,-93.72229517
38.95747363,-92.28821141
40.06786699,-93.58163967
45.20161386,-112.6472488
45.2122707,-109.243881
47.81409763,-112.1927115
45.72891672,-107.6165327
48.17879073,-110.1087565
46.24813858,-114.1720871
45.26038213,-111.3009312
46.32186492,-111.5160033
48.39154557,-115.547972
47.05859421,-109.443954
47.46847267,-114.8881884
46.13269218,-112.9569287
45.88799551,-104.5484938
48.78824639,-105.418244
46.41327806,-112.726831
46.36595924,-104.2812034
48.18942204,-106.6352257
47.31887301,-106.9112553
47.11742516,-104.7038336
46.33007221,-113.2941639
46.39532157,-105.8280605
48.51007217,-110.9720421
45.67515288,-110.5267903
48.17448744,-111.9589252
48.50952146,-111.8496151
48.38027696,-114.3313438
45.35174722,-111.732019
47.41884871,-105.5807272
47.18526722,-114.8766482
47.82040447,-110.6722757
46.54787597,-110.9044169
48.62850987,-112.3270235
48.35786599,-107.8594363
45.82824546,-109.9520716
48.11532759,-105.1928975
46.79113406,-105.3155959
47.68217151,-114.1627049
48.1514501,-104.5146104
46.27168931,-106.6703662
46.45371666,-108.5457052
45.4530315,-112.1920388
48.77918429,-104.563277
47.71508896,-104.1731508
47.52867648,-114.1070447
45.64312768,-109.2591458
48.10134887,-105.6419084
46.4373286,-109.8410793
45.74313397,-108.6046346
47.49160116,-111.2609676
45.78949695,-108.5134524
45.67010674,-111.0197147
46.84737836,-114.0478795
47.48935452,-111.2913526
48.21467735,-114.323426
46.18081803,-112.7908673
48.53807731,-109.6858178
45.73991405,-108.6060574
46.58242897,-111.9888928
46.00851666,-112.5455135
46.87591,-113.99991
45.79340386,-108.5194738
46.58267004,-111.9974384
42.10558165,-96.71097428
41.13621214,-102.9521196
42.57538377,-99.53709135
41.45576915,-97.060697
41.41268483,-102.3483348
41.13585352,-96.04010459
40.16063927,-97.59373043
42.2419192,-97.00923093
40.44788905,-99.3830701
40.65637136,-95.8624831
40.28060501,-100.1803593
41.66176428,-103.0922854
41.24999472,-96.13302258
41.2500045,-96.1340719
40.10182898,-98.95413257
40.87123434,-98.01064063
41.19872696,-96.14001442
41.40944851,-99.63187635
40.79589821,-96.65226399
40.78334794,-97.80754526
41.23775265,-96.180395
40.79473301,-96.62350501
41.10729705,-98.00293433
41.26000735,-96.19039028
41.19327578,-96.63558327
41.24084598,-96.03020737
40.37967562,-96.19702289
40.39122889,-95.85332562
40.8825718,-97.5921534
40.78948023,-96.69815566
40.78961442,-96.69915663
41.1370445,-95.94852914
41.15124201,-101.7187189
40.92605948,-98.37164271
42.03389283,-97.45268418
41.60211148,-98.94280528
40.6673055,-96.18685133
41.23286977,-96.13563712
42.81217752,-102.1998518
42.4606455,-98.65038285
40.91002173,-97.0914344
40.8861415,-98.38072088
41.24669451,-97.12253031
41.88667985,-103.6647413
42.52888832,-98.98266201
41.2460658,-95.97440516
41.25586491,-95.94851923
41.84345168,-96.70606004
41.45241648,-96.49176522
41.45517805,-97.38490108
41.23255777,-103.6668486
41.16113529,-96.0247396
40.78987981,-96.64681786
40.79045104,-96.64802309
40.80837947,-96.62717865
41.12173395,-100.7699743
41.32224315,-96.02028902
41.26463957,-96.21228906
40.5909138,-98.38806583
40.49543098,-98.94285322
41.23963802,-96.03107033
40.73668103,-96.59351305
40.76924571,-96.61730779
41.25767,-96.03755209
40.7787598,-96.7313804
40.68205095,-99.11258973
41.55142676,-96.1445666
41.26093648,-96.04225591
42.82292616,-103.0144539
41.25923165,-96.04197338
40.84879451,-101.7270195
40.65345624,-97.28165027
40.93891988,-100.1532298
42.54451346,-99.84956105
41.255229,-95.97863498
41.29111932,-99.9231578
40.8636084,-99.98249879
42.82457353,-98.46849408
42.05069795,-97.38426911
40.20542279,-100.6083507
41.68304081,-98.00574016
40.72045525,-99.10673839
42.4659882,-97.91725539
40.02644338,-98.06594912
40.52660052,-97.59495531
40.70766371,-99.08158246
40.64063773,-96.93554613
42.13474596,-98.03064397
40.15554652,-97.17500391
40.31614637,-96.74972061
41.44392146,-97.73258369
41.32205434,-96.02035632
40.07772017,-95.60788795
41.21705449,-98.46323549
42.87939012,-100.5381664
41.16972205,-97.549172
42.36030275,-97.59582364
40.10851943,-96.15004086
40.09153426,-98.52805473
42.35883298,-97.78578075
40.05652918,-101.5376635
42.11683654,-102.8698549
40.52412928,-101.6506653
40.10499219,-99.36492831
40.78589682,-99.75883201
39.53787139,-119.7974029
39.17078099,-119.7721521
39.20211959,-119.7843831
36.28705722,-115.2854705
36.13059266,-115.1382301
36.11395958,-115.1245052
36.15661907,-115.2289606
36.11175226,-115.2216381
36.11581862,-115.3075036
36.00311572,-115.1169442
36.24026317,-115.1627144
36.032117,-115.207116
36.145936,-115.209097
39.53154123,-119.7748309
36.10876701,-115.165855
36.08034978,-115.2924483
36.00110213,-115.1208832
36.15673177,-115.1942234
36.10792225,-115.1227576
36.072711,-115.030568
36.16309154,-115.1628119
36.03364521,-115.116711
36.14549204,-115.2118665
36.11591624,-115.1218362
39.52904382,-119.777135
36.11658616,-115.1103846
36.21585229,-115.249107
36.19472841,-115.1225636
39.54086381,-119.6974544
36.27513433,-115.2803555
36.20553077,-115.2503564
39.54123869,-119.6970498
39.46389,-119.776027
39.52594159,-119.796486
39.5239953,-119.7923485
39.4361337,-119.759815
39.53239341,-119.8184467
36.03866201,-114.9849073
36.05733944,-115.27202
36.00437196,-115.1150774
36.12129149,-115.2233553
35.99630422,-115.1203312
36.07265624,-115.2952392
36.15745567,-115.2266091
36.14601955,-115.2158286
36.12632063,-115.2461125
36.08998004,-115.2404433
36.18103483,-115.317037
36.13261007,-115.1354715
36.15962373,-115.1674567
36.16321616,-115.1663933
39.50204762,-119.7571997
39.47655813,-118.7662052
40.63955062,-116.9402862
35.96705262,-114.8426307
38.91948387,-119.7190175
36.21451047,-116.0250897
41.93625332,-79.61297062
40.46652874,-79.95299037
40.4675656,-79.9531074
41.98023,-76.520727
41.191989,-79.397664
40.979735,-76.88662
40.866894,-79.881562
39.856498,-75.367645
40.32114394,-79.39466011
40.32127481,-79.39357745
40.808844,-79.562016
40.41484,-79.238243
41.843328,-79.15461
18.45599329,-66.06546953
18.00368162,-66.6106587
18.41182194,-66.06872207
18.15070305,-65.82670296
18.44601952,-66.07371565
18.1560003,-65.83508002
18.18101307,-66.83318175
18.15274643,-65.83403257
18.39633673,-66.07253398
18.12431488,-66.14669714
18.39681476,-66.1634489
18.39503548,-66.07465243
18.40986267,-66.05109596
18.14379446,-66.26170737
18.44465487,-66.06956059
18.09880911,-67.03816476
17.99712808,-66.61764045
18.39695753,-66.16270651
18.03120341,-66.59474837
17.97355134,-66.11445435
18.39771985,-66.07304168
18.44280934,-67.15088511
18.46704554,-66.7311406
18.39876597,-66.0390983
18.39799578,-66.16635106
18.18063724,-67.15284971
18.22071611,-66.04989021
18.36765915,-66.15367444
18.38990335,-66.09826151
18.39742538,-66.14752306
18.03130077,-66.85759699
18.39019435,-67.10996904
18.3884717,-65.97189867
18.03967485,-66.54740673
18.43455435,-66.4824951
18.44633356,-66.37704376
18.47328848,-66.71691497
18.43367476,-66.47396819
18.21793941,-66.03194587
18.36243116,-66.09764036
18.20073203,-67.14040149
18.44556528,-66.3990695
18.33671711,-65.65449058
18.08263306,-67.0400489
18.3955074,-66.07284079
18.41941287,-66.0559759
18.26776881,-66.70133505
18.33201624,-65.65025508
18.380443,-65.95579
18.37259235,-66.04622543
18.4471351,-66.06293602
18.226651,-66.39434514
18.3945986,-66.07313195
18.17603896,-66.16140123
18.38458886,-66.02236135
18.0857323,-67.14732753
18.30325462,-65.30236436
41.84264726,-71.3800855
41.74470516,-71.46322472
41.7924481,-71.3672704
41.70524809,-71.47823584
42.0046119,-71.49580333
41.49713912,-71.30604899
41.85529477,-71.45924048
41.81188108,-71.40912926
41.83483869,-71.43538964
41.43107865,-71.4964111
41.85206819,-71.39812349
41.36218908,-71.82530324
41.81087733,-71.41220076
34.3133305,-79.83980295
32.85284808,-81.09003051
34.51148424,-82.64648675
34.07560987,-80.97960014
34.08929901,-80.98695717
34.08586316,-80.9828722
34.95868973,-81.05259095
32.96587788,-80.15760709
34.15971957,-82.38303735
32.96554312,-81.24795633
33.88069159,-79.76043781
34.19711497,-79.75897472
34.42171059,-79.36553244
34.0574707,-78.89889314
34.02860165,-81.03305417
34.17564362,-82.15657819
34.95660945,-81.05177374
34.85128582,-82.32254918
34.54557143,-82.62888111
34.69457605,-79.91975371
32.922821,-80.66991082
33.78552184,-79.00182781
33.7869125,-78.99784761
34.02774805,-81.02857281
34.19538811,-79.75497558
34.07012634,-81.09857223
34.19890124,-80.22597393
33.08533946,-80.29073136
34.07374412,-81.09822245
33.95186866,-81.10788392
34.34981886,-80.10412002
34.07261656,-81.11140112
34.0072911,-81.11817421
34.81724949,-82.4131781
33.66001829,-79.81860009
34.96619278,-81.93606386
34.71216013,-81.62930079
33.37964269,-79.28455341
32.3150338,-81.05396235
33.57119789,-81.76180298
32.78279392,-79.94927642
32.83964796,-79.97505235
32.78588204,-79.94792136
32.80837107,-80.04245769
34.47776731,-82.56735757
34.96660045,-81.93946449
34.29042835,-81.60642342
33.75843943,-78.82010678
33.54026745,-80.83045817
32.41732977,-80.68752097
32.22404532,-80.71505734
33.56046875,-79.0427253
32.82118087,-79.85055352
34.53774139,-82.62803267
34.84043897,-82.42139042
34.16941166,-82.15679536
34.86248358,-82.2185913
34.87414429,-82.70715601
33.53587078,-80.82220626
32.79572127,-79.95967343
33.88780194,-80.08122476
32.845663,-80.013529
34.86206952,-80.80239503
33.86571224,-78.66354577
34.84068643,-82.42141898
34.98965743,-81.94246023
34.86485712,-82.22915798
34.9101138,-81.88044733
33.92361132,-80.34272105
33.68671298,-80.21153903
34.72018561,-82.2482302
34.85151346,-82.32760809
34.92004397,-82.2442312
34.97546934,-82.45596102
34.81864389,-82.41264859
34.69553069,-82.98721979
34.00678687,-81.03316804
32.28574066,-80.94048577
33.56131362,-79.0409278
34.840659,-82.60685299
34.07226578,-81.11094347
34.97840817,-81.89551953
35.0898793,-81.63437267
33.77900025,-81.92970697
34.16006615,-79.7520554
34.68448242,-81.18315328
34.71768707,-80.78772137
34.18901702,-79.76439558
34.1600972,-79.7520103
33.866419,-78.660205
34.08743792,-81.16008963
34.00765482,-81.03353124
34.4814708,-81.94082197
34.18627984,-79.32583979
33.068898,-80.095302
34.9640711,-82.45473247
34.1468982,-80.75006727
32.81490163,-79.85571638
32.97579932,-80.06997843
32.87782931,-79.76913142
34.0059619,-81.11419899
32.9759625,-80.07307511
34.80457178,-82.32616496
34.2528387,-80.590406
34.0143761,-81.0133447
34.10416789,-80.95863577
43.52875565,-96.75530413
42.91477297,-97.40125917
42.50558245,-96.49574565
44.05868632,-103.2288713
44.04644362,-103.2234841
43.53505616,-96.71426497
43.53540197,-96.74322897
43.49094299,-96.78073418
43.490445,-96.7852894
45.46151003,-98.47851235
44.30787831,-96.76696725
43.71434228,-98.0080208
44.35980422,-100.3426268
44.0577486,-103.2252503
43.53423762,-96.71432208
43.53551618,-96.74210587
44.49806367,-103.8606446
44.91097461,-97.12123734
42.87325455,-97.40819102
45.46302526,-98.44608444
43.32531563,-98.34527862
45.44797849,-99.66162744
45.78858387,-97.74613853
43.18209316,-99.29400979
44.75272494,-96.68313556
44.36962692,-103.7282684
45.77217227,-99.62301925
45.03065572,-99.13263837
44.05135192,-96.59146309
43.34796637,-97.4310807
45.01308489,-99.94779146
43.16975367,-101.7307254
44.03980876,-101.6714768
43.38464768,-98.83615644
44.87156665,-98.52092234
43.14903616,-97.72904524
44.4024947,-103.5073372
43.07837515,-98.30200323
45.33977277,-97.52195455
43.41720813,-103.4800894
43.77240071,-103.5905274
44.08108633,-98.56374221
45.54621696,-100.4489605
45.22245806,-96.62717351
43.17538103,-97.08404256
42.99157078,-97.8675251
43.99137304,-97.11814234
43.78613259,-99.32471613
44.3859458,-97.56129715
43.39969038,-97.99124056
43.82858454,-96.71580998
43.30449784,-96.55755977
43.36992976,-99.84729509
44.36153118,-98.21105963
42.77865825,-96.91929851
44.52005412,-98.99228219
43.22955463,-99.43584864
45.65749218,-97.05015718
35.89860516,-84.14486297
35.865847,-84.691995
35.12996666,-89.86144748
35.04948437,-89.7145128
35.12787502,-89.85529467
36.02316734,-88.41240859
36.13747315,-88.48937266
36.41423378,-89.04496858
35.53571016,-89.67760669
35.1144587,-89.79965959
35.12900738,-89.86147068
35.09262143,-89.8010902
36.15404425,-86.80187636
36.50442489,-84.51586367
35.75646224,-83.95871505
36.58551645,-82.25692327
36.45283389,-83.57227572
36.16932679,-85.50876258
35.0269471,-84.38571051
35.943325,-85.02203136
36.54412615,-85.50049893
36.17746807,-86.84612428
35.6359507,-88.12224489
35.06706746,-89.93115119
35.95628817,-83.93767478
35.2081067,-85.913832
35.03215742,-85.26644721
35.91911517,-86.81923101
35.13780022,-90.0191809
35.2372013,-89.89194018
35.62068597,-85.19086883
35.04889413,-85.29004745
35.02255862,-85.16062411
35.1235785,-85.30202706
35.82517217,-84.27018079
35.95703172,-83.9372099
36.33630383,-82.40206447
36.16687679,-86.80650365
36.13742735,-88.48936033
36.17353337,-82.79023851
36.53333298,-83.21510814
35.22793112,-88.23034708
36.40021927,-83.01423357
35.61057224,-89.24297656
35.65530193,-88.39866414
36.29654269,-88.31030459
36.55737037,-86.51219369
36.55410317,-82.55460725
36.32017057,-87.68964349
35.81584684,-88.89525133
36.55080903,-82.51427614
36.5535132,-82.5125896
36.3486721,-85.6560906
35.63673266,-88.83178969
35.68444711,-88.85404848
36.43236193,-84.94317595
36.57370136,-84.12854359
36.3078431,-82.38456264
36.30773308,-82.38772184
36.32371007,-82.35453131
36.45355595,-81.79768063
35.04757814,-85.30770622
35.94377202,-84.022329
36.21473336,-83.30379891
35.74435252,-89.54963519
36.17299552,-82.79073878
35.1441513,-90.0324645
35.85592321,-83.53521998
35.14960725,-86.55527721
36.38522911,-85.32758442
36.51945891,-86.02656329
35.46504749,-86.78549016
35.60716387,-87.06689111
35.04157461,-85.26002662
35.12468548,-85.23808028
35.05722097,-89.93745078
36.05402854,-83.99792652
35.13633861,-90.01834939
35.24683128,-89.36379663
35.13666855,-90.01946751
35.1450508,-90.03180122
35.03298287,-90.02120069
35.08981816,-89.80836623
35.2340394,-89.8925047
35.1414419,-90.030648
35.09008241,-89.80837468
35.23407025,-89.89282093
35.03299423,-90.02126285
36.02454511,-84.24508553
35.04720526,-85.30359401
36.16690697,-86.80656112
36.2129657,-83.30531638
36.1829242,-86.749573
35.97407687,-84.00757885
35.03492949,-85.26748228
34.99880292,-85.21894236
35.05372069,-85.14322088
35.02685923,-85.12145583
35.04710628,-85.6296189
35.91707245,-84.10064379
35.87039368,-84.02278841
35.59232333,-87.86375527
36.55712229,-86.51194963
36.35377858,-82.3717817
35.14180398,-90.03182883
35.14084268,-90.03195257
36.5535642,-82.5513784
35.90114709,-84.12250062
35.52910134,-84.98177946
36.26425346,-85.94974537
35.88860486,-84.55600706
35.09820503,-89.86487519
35.20699205,-89.80058276
35.96150829,-85.82954345
35.7794869,-87.45896011
35.94916129,-85.47723715
36.15508556,-86.80325564
36.15397318,-86.80339751
35.69984449,-85.74297892
35.86057912,-86.42503138
35.83271089,-86.07184284
36.12940197,-86.84451646
36.15353896,-86.80216242
35.95724587,-83.93669832
35.09823359,-89.86400431
36.15276546,-86.80116326
36.05341012,-83.99775536
35.95732016,-83.93633839
36.58524519,-82.25636647
35.38768084,-85.37960444
35.05036361,-85.29159691
35.19404399,-84.88065138
35.2219546,-87.33830333
35.18924094,-87.00412139
35.17588667,-86.09013143
35.20779941,-85.9141358
35.15327358,-90.0418743
35.15421585,-90.04290223
35.44081499,-84.60735287
35.34509862,-84.52271936
36.39001409,-86.43409583
35.60069384,-84.46428463
36.34586706,-82.25000167
35.048941,-85.2904938
36.55742777,-86.51160143
36.5819764,-87.27047352
35.17719817,-84.86990561
35.19428928,-84.88130567
36.10663844,-83.51890941
36.38887104,-84.11146978
35.96420392,-83.18219867
36.05229619,-83.99751411
36.15129964,-82.84567491
35.95577982,-83.91516628
35.94044734,-83.94388413
36.07603106,-87.79233528
36.27711959,-87.06559473
36.15375182,-86.80900486
36.32481862,-86.62223383
36.55706885,-86.51163293
36.07330617,-87.37572716
36.47848008,-86.88690193
36.24534093,-86.74961898
36.2543611,-86.68210462
36.07638237,-86.72189213
35.97503426,-86.56520216
36.17637943,-86.60837516
36.38783255,-86.16815993
35.86389133,-86.43032806
36.118445,-82.444649
35.49687997,-86.07840122
35.563923,-86.4487764
36.13841629,-86.80256887
35.38210292,-86.23125982
36.14083601,-86.8021667
36.22160565,-86.32762032
36.20329419,-86.28313467
35.32475293,-87.75688433
35.26757249,-88.99929239
36.05521682,-88.10794649
36.04818558,-89.37991442
35.91228641,-88.75414132
36.33255272,-88.86991049
35.63487668,-88.82842037
36.33474838,-88.86849627
35.20033281,-85.51500693
35.91616226,-86.81925004
36.1534634,-86.80708102
33.03139595,-96.85435167
29.77063353,-95.20029102
32.8837661,-96.7576716
31.11166531,-97.80274157
31.11344991,-97.80167081
31.0721863,-98.1862254
29.7719621,-94.98134416
29.71170751,-95.5557089
32.76801152,-99.89497682
30.27075965,-97.79596702
31.51425066,-97.19949097
31.5110022,-97.19839717
30.10848029,-97.34475731
29.67317456,-97.65449953
30.00840999,-97.85297745
30.73305847,-98.23685865
30.30500185,-97.74560832
30.40492795,-97.74360477
30.00390076,-97.13604043
30.22658358,-97.89209194
30.56676232,-97.65138735
30.28457402,-95.48004261
29.64684751,-95.58827701
31.74997292,-99.96290978
30.0706087,-94.1200397
30.07290488,-94.12295454
29.43358894,-98.49264078
29.57078372,-98.64882103
29.4030255,-98.5482246
29.6809155,-98.4552139
29.59427531,-98.29008482
29.58772294,-98.47345927
29.46171808,-98.68991382
29.35182455,-98.53302117
35.19645199,-101.9203155
32.59672241,-97.14487705
32.7302241,-97.34554216
31.11828493,-97.39929271
33.22065305,-96.91358852
32.57542408,-97.32118572
32.88879527,-97.1511153
32.6609476,-97.06082249
32.92816374,-97.2547307
33.01223393,-96.62435282
32.9140952,-96.44469769
30.5233139,-97.81984631
32.78817065,-96.78119411
32.79157855,-96.78043674
32.65421034,-97.41803838
33.10295419,-96.84038653
30.34510484,-97.97010223
31.07254989,-97.37546506
30.23541154,-97.83573401
30.14567251,-96.39932133
30.0770826,-97.8200058
33.11427398,-96.77091466
30.5823184,-96.27939535
33.10449021,-96.83782532
32.93443023,-97.0943835
31.48918306,-97.15754299
32.83458939,-96.9602494
32.91801933,-96.50871907
30.33294103,-97.97152991
30.51281125,-98.30453796
33.22097161,-96.68260102
30.45163125,-97.59141151
33.0132922,-96.79036603
30.56339584,-97.68478229
32.77911727,-96.56881181
30.59094376,-97.41538166
31.07744745,-97.36344799
32.98851186,-97.17489987
32.80424638,-96.79495495
32.42751892,-96.85791008
32.68289778,-97.11697677
31.08159961,-97.36289358
32.72732293,-97.34715539
32.91229177,-96.95221323
33.67663535,-96.60185221
32.32915158,-95.29852291
33.17662147,-97.08734292
33.2213403,-96.6833344
33.01459949,-96.7893949
29.69898929,-95.39406324
32.78958516,-96.78027265
29.7525574,-94.68744667
27.68007768,-97.36037846
30.0687672,-94.1356343
26.25310267,-98.20115591
33.67387407,-96.60449109
29.95315813,-96.26009777
30.38394439,-103.6704807
33.18772983,-102.2674143
30.49618046,-97.72286269
30.66598536,-96.32372493
33.02869852,-96.88584949
33.66970891,-96.63515951
33.66972557,-96.63438619
31.61197484,-94.64665259
30.53236271,-97.81219095
30.31227048,-97.73479337
30.58132381,-96.28999015
30.52023043,-96.71628683
30.39244908,-96.07767218
30.942082,-95.91110591
30.65993299,-96.3507145
29.02950068,-95.45274482
30.73087171,-94.93939248
30.09060129,-95.44899396
29.70773116,-95.40044497
31.33619133,-94.74185468
31.53261587,-94.10300693
29.42803731,-98.49837581
32.80918566,-96.83747396
33.07853049,-96.80044497
34.43926678,-100.2267333
30.08725677,-94.13292786
32.50074986,-94.72985399
32.5368065,-94.36946192
31.93852592,-95.24777436
32.25806171,-95.30890277
33.15762802,-95.60014471
32.34276945,-95.29164026
32.94453832,-95.30727963
29.50580177,-98.47604764
29.51281257,-98.59013727
29.71535513,-98.12308758
29.85248199,-97.94590394
29.46673399,-98.69591046
30.90789453,-94.00955331
30.08734182,-94.13180847
30.08338278,-94.1398084
27.76401647,-98.04172626
28.40742754,-97.73154412
27.7798902,-97.4163649
27.77809368,-97.39474791
27.68406754,-97.37753257
27.49007281,-97.85065378
33.46417889,-94.0754934
29.95322107,-93.98639108
33.10543268,-94.16312021
33.46503055,-94.07072522
32.31487664,-95.2777701
28.81287726,-96.97773874
32.83478291,-96.70493202
33.81437269,-98.19848415
33.03536409,-97.07726192
30.32835838,-95.09375569
31.7763307,-106.4799884
29.8035807,-95.4041813
29.7777202,-95.7135061
33.71973751,-102.7575223
32.68793228,-100.9170925
31.82854343,-99.42562308
34.84860058,-100.2121919
29.69451784,-96.5433111
31.98429068,-98.56156783
31.22129266,-99.84811412
29.15850063,-98.17497259
32.47234716,-99.73327938
31.84545145,-102.3738874
32.73707173,-97.34140504
36.05126131,-102.5214838
26.26237286,-98.19843973
30.31182625,-97.7432915
29.5374055,-95.12982931
30.28203591,-95.46559063
29.72323923,-95.38702269
30.56646678,-97.65766151
27.68844884,-97.37805548
31.43513711,-97.77919934
33.57340325,-101.900592
33.57268652,-102.3688972
34.20675672,-101.7329457
33.57693913,-101.891995
33.5766576,-101.8970615
31.38955285,-102.3499056
32.60292166,-96.81241605
31.32360364,-95.43889931
33.66061882,-101.2461024
29.11261503,-97.28334117
31.04917326,-104.8275086
32.91526053,-96.86979587
32.77879048,-96.60051029
31.75649195,-106.3499519
30.30311083,-97.70702246
30.27638988,-97.73384773
28.80806986,-96.99834405
28.85434036,-97.01968631
28.51923471,-99.86339756
26.25271244,-98.20495353
27.60691448,-99.47847561
27.74851042,-97.38628484
32.39982064,-98.82114248
29.21849962,-96.29118958
31.78368543,-106.4743254
31.7715012,-106.433795
34.01802681,-98.92489812
29.4718048,-95.0942797
32.99919628,-96.75579418
32.37142823,-99.74384655
32.69377148,-97.11825624
30.22571366,-97.76632301
32.6620118,-97.41279008
29.92033796,-95.61340961
32.90107033,-96.77052204
29.99373522,-95.2773293
29.76860756,-95.77805056
31.99956331,-102.1559482
29.57290582,-95.38983333
33.01842055,-96.74824313
32.99798275,-96.75493758
30.4835233,-97.69343509
29.52726915,-98.58412986
29.60439957,-95.63326382
33.43007747,-94.04822781
32.84533965,-97.1132574
30.18560374,-95.45446695
31.49951789,-97.16502831
33.87387587,-98.48467593
29.99017655,-95.57110864
30.18993839,-95.45850831
32.30672455,-96.64149104
32.53463669,-94.71230138
31.0672988,-97.3509742
33.23066769,-98.16693865
31.30720245,-96.8940032
32.88843795,-96.7665543
29.7099774,-95.4626713
32.83343986,-100.4360428
28.71299249,-100.4557006
29.53024011,-98.58975132
31.72534374,-96.17059823
28.89630465,-99.1172572
32.24198129,-97.7469003
35.65513819,-101.4091807
31.77685263,-97.58892556
33.5231756,-101.9861471
33.08958211,-98.58396742
29.56784512,-97.94723703
31.70438018,-98.11377982
33.36936482,-98.76430459
36.19027677,-101.1996141
34.29619436,-99.74154846
26.15745031,-97.67530286
29.71098236,-95.3945517
29.81193328,-95.3118817
33.15736151,-99.74468102
29.54130675,-95.12781514
30.28472392,-95.46800492
30.05006848,-95.25507558
29.39408738,-94.98604898
29.72255567,-95.3875319
29.9257621,-95.6315018
30.0204405,-95.44271418
29.57779212,-95.39019753
29.66106027,-95.1838147
30.08730408,-95.62369558
29.72934166,-95.59448362
29.73245015,-95.57998472
30.30582927,-97.74110422
31.1176885,-99.34685361
35.90339317,-100.3882568
32.47217647,-99.7339544
31.67734392,-98.99383384
32.37506922,-99.74372755
34.83951878,-102.4139875
31.73216973,-106.3030273
30.262519,-98.88184327
32.01263139,-97.09925968
33.17414683,-97.08674805
29.76911627,-94.97971661
29.54924852,-95.08676363
29.77679705,-95.71684416
29.71052314,-95.39893888
29.58958616,-95.6301656
30.20559469,-95.45380015
29.78715662,-95.69782808
29.96646877,-95.55114453
29.53384927,-95.12619308
33.12231408,-96.12397074
30.69854999,-95.55898696
30.91483088,-101.9074443
28.96910475,-96.63588688
32.72708003,-97.32710128
32.73393445,-97.32864083
30.08690903,-94.13221625
33.87282117,-98.58030421
30.49847308,-99.78056091
29.43297807,-98.49220974
29.5436648,-95.12770807
32.8868949,-96.76738833
31.77862724,-106.4772989
29.71285043,-95.39917023
29.92440962,-95.58824613
29.60023248,-95.63826118
29.52248579,-98.55637881
32.75055987,-97.11406781
32.665697,-97.42370538
30.0545024,-95.2499181
26.1532284,-97.97761937
33.41380466,-99.81155305
32.83258117,-96.86203847
33.90275832,-98.49939511
30.00772117,-97.86498801
32.43248931,-97.8038485
30.39134699,-97.8849345
33.91170687,-102.3442949
27.53285976,-99.47829169
27.5338972,-99.47366602
27.53352938,-99.47363697
31.76983587,-106.4990756
31.78905323,-106.508826
29.45740267,-96.93821283
33.00140185,-96.77180156
31.73480327,-106.3006129
29.59073867,-98.59035687
32.98553017,-96.89841644
30.06882337,-94.79849135
32.67905415,-97.42120446
32.8172101,-96.8487922
33.06549105,-96.79511498
30.56340928,-100.634436
31.53271119,-96.53121111
32.53288504,-94.7305141
33.60321011,-101.9155688
30.26185775,-94.22105742
33.16728156,-101.8161512
32.13981746,-101.7875197
28.98004701,-95.9916774
33.17579219,-97.08682238
31.11466218,-102.2102917
32.74920091,-101.9675424
31.8452597,-102.3736853
32.90029252,-97.31392872
32.69232531,-97.11271638
32.91193288,-96.77407387
33.17787453,-97.0914333
32.73566902,-97.34527531
33.1510055,-96.83898502
32.9120385,-96.7667178
32.90173298,-96.95656507
33.04524604,-97.0047628
33.15972664,-96.63669338
32.82908072,-97.21350556
33.020893,-96.7660152
32.74811822,-97.78581052
29.33462296,-99.13448254
29.71455117,-95.39628203
29.9864345,-95.7322858
29.81073566,-95.43033555
29.787311,-95.78625453
29.78144747,-95.54675969
29.99551204,-95.27612889
29.72380542,-95.46121904
29.56350045,-95.38867972
29.77576548,-95.74579933
29.58248474,-95.20742117
29.69271807,-95.52115311
30.04794384,-95.25908591
29.5644022,-95.69037269
29.58990316,-95.63643615
30.17433545,-95.454342
29.51759211,-97.42934318
32.72162797,-102.6548789
35.86449556,-101.9705582
28.62030294,-96.63235082
32.7784212,-96.59849193
32.77813391,-96.5986591
32.76037381,-96.82602355
32.64576186,-96.87684862
29.5082133,-98.57247759
29.61586221,-98.47443477
32.98467285,-96.82934071
28.93298497,-98.5262851
29.62823132,-98.4923585
32.56798994,-97.09444484
33.17652529,-96.7222958
32.46895653,-96.98200212
32.64633778,-96.87102402
32.99608156,-96.66649032
32.97431653,-96.72660111
32.95704208,-97.14573427
29.51422403,-98.57559924
29.48986399,-98.54757258
29.44180343,-98.49098397
30.74264962,-98.67765575
29.95559858,-93.98687658
30.06953533,-94.12531493
31.99592009,-102.0995033
26.1963482,-98.31431722
29.34478851,-98.43848672
32.40643731,-100.8759346
33.65395734,-97.38032336
34.2212693,-102.7286771
31.65314431,-94.65387312
31.61264109,-94.64887739
32.08363128,-96.50359892
29.73513973,-98.0951514
30.17237239,-95.46065947
30.18874977,-95.46018014
30.026944,-95.449853
33.77727442,-97.73270103
30.41148803,-97.7062274
29.6203791,-98.49142829
32.87528905,-96.7713632
31.94922151,-99.95913544
33.64636264,-97.1627319
29.519597,-98.42905798
29.55246452,-98.34826131
30.35051386,-97.75171622
35.19966943,-101.9202347
35.17365252,-101.9363756
29.57632884,-95.77093702
29.55515331,-95.71392609
29.32856983,-96.11750464
36.36988585,-100.798789
31.85172847,-102.364203
31.85173303,-102.3595728
28.8506567,-97.87825546
32.82592017,-96.86960835
28.71692636,-96.21422746
31.73259668,-95.62722756
31.7384786,-95.64436996
32.79892076,-98.14509078
33.11307427,-96.6764303
30.07741791,-94.13788905
29.54327694,-95.12004858
29.5477444,-95.11751
27.78941533,-97.39569714
29.9920682,-95.279015
32.9743457,-96.7268631
30.56367038,-97.64832385
28.8557836,-97.02265217
27.78937914,-97.39524168
27.77782005,-97.39474791
31.33628998,-94.74084706
29.67408592,-97.6550844
29.72926937,-98.10274189
29.5902007,-98.5915482
29.52660024,-98.5896663
33.46528357,-94.07103727
28.85499709,-97.02196107
28.80798268,-96.99883805
28.81282899,-96.97778632
35.57247216,-100.9647965
33.68773479,-95.54760763
32.81065535,-96.83809091
35.43933961,-100.2703597
31.6752886,-96.48093746
34.64427416,-102.7218242
29.8221352,-94.9029286
30.90537931,-102.8804074
32.33804336,-102.54599
30.04346599,-99.1528689
35.20661691,-101.9186902
35.21042221,-101.9127795
34.55609028,-102.3159599
31.77347373,-106.5022513
27.55637042,-99.49195932
31.23288787,-101.9353661
31.20401254,-101.4610176
33.77021768,-96.55128107
33.65672268,-96.61390083
31.40118876,-103.5140298
28.30679663,-97.27986117
26.25518708,-98.20633362
29.72200582,-98.06999717
29.58775858,-96.3452847
26.18636249,-98.22077377
29.73106698,-95.4450385
32.45321238,-100.3973167
30.51110777,-97.7136084
31.33380873,-93.86296451
32.84301691,-97.18803686
32.23637785,-101.4916755
30.86300194,-100.6029941
29.99867547,-95.27622266
33.21994092,-97.16784483
33.04566135,-96.86485975
32.79026509,-96.78029041
32.50051191,-94.73066699
31.07260368,-97.68292543
33.59017066,-99.24869746
35.1989674,-100.2481194
31.46524784,-100.4348932
31.41827654,-100.4698141
31.4717117,-100.4024438
31.4303477,-100.5182793
29.3094949,-94.77699095
26.15982657,-97.67274526
25.97380934,-97.50988921
26.18659644,-98.22578009
33.60288984,-101.9284584
26.26204925,-98.1903686
26.26119053,-98.1826666
26.1838146,-98.2183074
26.18695005,-98.22594544
25.98064316,-97.51056022
29.61325343,-98.47736715
27.68604136,-97.37554712
30.07097555,-95.51194911
30.62609475,-97.68871248
30.28989221,-97.72604637
30.28968932,-97.72498576
30.22593006,-97.77459614
30.47714096,-97.69045862
29.74811613,-95.36614814
30.65613701,-96.34597291
29.51254941,-98.57491087
29.98914519,-95.56761826
30.20329534,-95.45738652
29.64109794,-95.1622144
29.60445437,-95.62032464
30.20570177,-95.45813315
29.9357528,-96.87624706
29.5981021,-95.6243564
26.37643211,-98.85835917
29.40005854,-100.9059
28.7204202,-100.4759701
27.6134896,-99.4696118
32.75395574,-98.88721085
33.15056005,-100.2291844
29.58725739,-95.64269436
29.65912193,-95.17795651
29.04783467,-95.69183141
34.53595958,-101.7556051
33.458111,-94.0756593
29.70777848,-95.40165263
30.2005193,-95.45757397
29.78775625,-95.69305012
32.74889729,-97.11581999
33.04407056,-96.83176815
32.93068061,-97.30991228
32.88096648,-97.53309865
32.33199753,-97.43856037
32.73675567,-97.33899698
32.83515497,-97.1231367
32.93951348,-97.12813997
32.65783561,-97.42107595
32.22296388,-98.20439992
32.74881532,-97.11560698
32.70727482,-97.40212717
33.1813799,-96.838899
32.53675421,-97.09949118
32.8842895,-96.46622551
32.58662808,-97.31695511
33.11597732,-96.67310105
32.88113418,-96.76243766
33.21761538,-97.16658896
33.04551899,-97.06775674
32.59216961,-96.31852025
33.04366355,-96.83647095
32.73670911,-97.33988601
32.87687764,-96.76226157
30.18930118,-97.80737637
29.70021194,-95.4090686
32.68212164,-97.11936982
32.74074231,-97.34137684
32.92242842,-97.25352434
30.34178279,-95.0853071
32.8019769,-96.81431331
33.03172907,-96.85401854
32.81198031,-96.83973141
33.70971782,-96.58508703
33.0661757,-96.8852838
27.6932807,-97.34541356
27.75277054,-97.38919228
27.85491733,-97.63542317
27.69273454,-97.34576165
30.29532138,-97.82458178
31.79037063,-106.2645055
31.68185462,-106.2080237
31.77100376,-106.4998735
31.93779379,-106.4066908
31.77749243,-106.4808675
31.7804314,-106.4774909
31.90457448,-106.5649628
29.93550203,-93.98953453
30.1121411,-94.16975617
30.65032938,-96.29771227
29.69295022,-95.40240423
33.18990414,-99.17664894
29.7093368,-95.39403896
33.17559939,-94.97117494
33.66354355,-96.61335928
33.57832798,-96.16664583
30.0188957,-95.44394499
30.00477713,-95.2524783
29.78536712,-95.52502672
32.95248389,-96.57922094
32.5903414,-97.13992308
33.61709402,-101.903157
32.34262743,-95.29085002
30.77603582,-94.42763632
29.84781277,-95.40845777
30.01436876,-95.44076914
29.6051324,-95.6361437
33.90243058,-98.50198079
29.50700957,-98.57833704
33.58796714,-101.8912985
31.77161109,-106.4353552
32.67980941,-97.11791224
32.1694447,-95.8462337
32.1658826,-94.34659601
32.16095,-94.79561836
31.9602855,-95.27039992
32.33835568,-95.29103688
33.03304598,-94.95905399
32.79706946,-95.44291819
32.33688776,-95.291956
32.33847952,-95.2907682
29.21411967,-99.76783721
29.37496276,-100.8926635
26.17496484,-97.66995665
25.91784806,-97.51069655
26.17183887,-98.00048908
25.97761299,-97.51480112
32.67939133,-95.72255745
35.194149,-101.9266926
32.97413807,-96.72711984
35.20670495,-101.920865
32.64465296,-96.88347894
34.12707748,-101.4412453
33.42891417,-94.04762712
31.59378429,-102.8831868
30.00839095,-97.85628014
29.51390899,-98.58695815
29.57636556,-98.44485484
29.45190785,-98.68457631
32.75062142,-97.78774264
26.1510039,-97.97707053
34.15861525,-99.31516051
33.63709739,-96.62382165
31.84959206,-103.0905626
29.81969711,-94.37646869
32.89687799,-97.31290555
33.13213714,-97.20472606
33.21710703,-97.5937157
33.21781285,-97.59766081
26.25267437,-98.20309755
31.32839947,-94.75405884
30.13090069,-95.44302258
29.30695852,-97.12915909
32.96857601,-102.8358621
27.53690664,-99.47681015
30.0441271,-99.1605227
30.3099726,-95.464102
29.71118515,-95.39433336
34.20654009,-101.7325911
30.30592149,-97.74839994
30.28852104,-97.72434617
30.21159597,-97.79237579
29.70798221,-95.47341614
31.0591664,-97.3693192
33.04591729,-96.86860721
33.670004,-96.63473332
31.02135915,-97.47680697
29.52010675,-98.57619951
30.338202,-97.67722948
30.0245794,-95.44534571
32.6424243,-96.87476008
29.5068356,-95.10672113
33.01352063,-96.79205068
33.0707901,-96.8017993
31.7803651,-106.4759534
32.91977573,-96.66210319
30.61490177,-97.68063183
33.12369603,-96.08228748
33.15113861,-96.83785811
32.62823893,-96.86491473
29.82342556,-95.54631033
30.02365626,-95.44027493
30.04449762,-95.22998414
29.60321948,-98.43789349
30.02427992,-95.66277086
29.5548362,-95.116592
32.91280443,-96.77126529
32.6398134,-97.41289763
32.75085193,-97.11322999
29.60343913,-98.43836774
30.33578279,-95.44511056
32.399967,-99.739311
35.194182,-101.9270551
29.7779641,-95.74854047
32.53733451,-94.73455975
31.30707384,-94.74573876
29.6508561,-95.1700085
31.92287504,-102.2221648
31.48757374,-97.16425174
26.16357422,-97.67216229
32.62799796,-97.17785112
32.913402,-96.6701169
33.90630725,-98.50134063
31.87989416,-106.5735232
31.44727436,-100.510233
30.60604065,-97.67346489
29.62414628,-95.14260386
29.51629527,-98.60500128
29.69058843,-95.40108121
33.57294164,-101.8075028
33.04329279,-96.83509622
32.83458837,-97.12246905
30.18944156,-97.80627944
29.64637014,-95.45758019
33.2312854,-97.15644671
32.68022009,-97.41917002
33.00580642,-96.776953
29.70925137,-95.498084
29.69434022,-95.76104056
30.2291129,-95.5399041
18.340605,-64.914717
17.733195,-64.751478
40.60482005,-111.8547873
41.15729915,-111.9412587
40.87776392,-111.8955204
40.32993455,-111.7084276
40.61774314,-111.8967095
40.72827047,-111.8781176
40.31066902,-111.6637956
40.6880877,-111.8728136
40.6732681,-111.8510461
40.23482251,-111.6353181
41.07540808,-112.0792064
40.67954147,-111.8932824
40.30543396,-111.6625831
40.8848665,-111.8709251
40.77128726,-111.8388047
40.77743651,-111.8504304
38.28914945,-112.6438588
37.61306643,-109.4824861
39.73146216,-111.8377406
39.35005177,-112.5610958
38.95477745,-112.340277
37.82642874,-112.4269223
39.15625599,-111.8164866
40.49000509,-111.4062011
37.05445725,-112.529509
38.40716285,-113.0088261
38.57530419,-109.5595041
37.87446806,-109.3498696
39.53123669,-111.4610951
40.57590515,-111.8539614
40.38029101,-111.7665992
40.45779908,-109.5315848
41.72414871,-112.1825769
41.49122715,-112.0257557
41.77556647,-111.8212304
39.60516705,-110.8329401
37.69976036,-113.0666749
41.09104516,-111.9956731
40.65968994,-111.8908364
40.59036236,-111.9749704
40.69787279,-111.9908804
40.88594252,-111.8688203
41.05185152,-111.9688393
40.77931768,-111.879743
41.75568064,-111.8221832
40.53605987,-111.8891261
41.18265762,-111.9533733
40.42534,-111.8785401
40.04404603,-111.7142853
40.56673723,-112.2972601
41.16437751,-111.9703899
40.30288545,-111.707974
40.68745436,-111.4694823
40.52039747,-111.9799142
40.76789122,-111.8614233
38.78270065,-112.0835825
40.1307672,-111.6405947
37.09776694,-113.5537428
40.68595827,-111.8571409
40.64438385,-111.8835808
40.3135936,-111.7136911
40.30438504,-109.9964704
40.77127309,-111.836113
40.24792102,-111.6658079
42.84351274,-72.56561831
44.22066422,-72.56082561
44.47973972,-73.19412058
44.80773962,-73.07251309
43.59829409,-72.95526316
42.87418238,-73.20767064
44.55343518,-72.59143029
43.04880334,-72.66784746
43.91683959,-72.665489
43.48749612,-72.40314886
44.95580257,-72.20108185
44.44578692,-72.00955799
44.00043082,-73.16824244
43.29801947,-72.4946524
42.85917149,-72.56138763
44.222624,-72.564716
43.62121665,-116.1902767
39.51636325,-119.7996045
45.49718109,-122.6839782
43.22417056,-123.3671827
38.57296625,-121.2964588
46.61866261,-112.1017865
40.75739725,-111.840554
47.5624976,-122.3077495
36.7725795,-119.7779341
37.78229119,-122.5049746
36.2851885,-115.0945083
37.40535302,-122.1397847
34.05023296,-117.2500687
34.05272127,-118.4527522
33.777569,-118.1189428
39.0767571,-108.5404727
34.55387325,-112.4525751
32.87555805,-117.2324193
33.49567218,-112.0662531
41.14828213,-104.7855322
32.1809812,-110.9645064
39.7415896,-104.8293191
35.05516799,-106.5817674
44.41267726,-103.4718151
35.20367399,-101.906694
43.53110184,-96.75505857
46.90601018,-96.77521876
37.6812338,-97.27464126
35.48281519,-97.49667171
41.24253129,-95.9743765
39.02623218,-95.72279545
39.27939624,-94.89383569
32.69305631,-96.79128946
39.0640641,-94.5264144
35.76527571,-95.4146644
29.50666476,-98.57984558
31.07640423,-97.34757981
41.62775145,-93.66067216
44.90149015,-93.20592013
36.081419,-94.160127
38.93666726,-92.32905785
41.6637023,-91.54848851
29.69976575,-95.38877345
32.50303027,-93.722022
34.746036,-92.320213
38.64238456,-90.23124854
43.07424777,-89.43112581
35.14352075,-90.02634368
37.72431427,-88.954816
32.32789016,-90.16732631
43.02078897,-87.97646349
41.8610986,-87.84129591
41.87073782,-87.67704148
29.96219573,-90.08417201
30.4148783,-88.9450439
39.77846306,-86.18716442
36.14175705,-86.80423925
38.270259,-85.696895
33.50444826,-86.80134612
41.09078646,-85.10951788
32.3771735,-86.24345557
39.13941364,-84.50819455
38.029804,-84.506404
39.74265668,-84.26458456
42.28669332,-83.71464059
42.35572215,-83.05919812
33.801861,-84.311425
38.37678888,-82.51746331
36.30913796,-82.37020633
35.58861379,-82.48354085
41.51325639,-81.61370354
37.76496548,-81.19320077
33.464616,-82.025447
30.18182054,-82.63605347
39.26973412,-80.36212141
40.44677924,-79.96172439
33.97514193,-80.95889981
29.63769848,-82.34466908
35.68419984,-80.48815776
37.27396039,-80.01844528
27.81021638,-82.778546
28.0644091,-82.42927702
42.95109263,-78.81215039
32.78417401,-79.95400559
36.00951207,-78.93883233
39.41771145,-77.91111267
37.49807429,-77.46768488
38.928923,-77.010732
26.78492803,-80.11247524
39.28964959,-76.62455811
40.31731186,-76.39712392
28.58035971,-81.32177614
43.0388312,-76.13895418
37.01535819,-76.33225686
41.24810428,-75.83596931
39.740166,-75.606352
39.948347,-75.19986732
40.75253369,-74.23614018
40.60792285,-74.02418643
40.73688147,-73.97707927
40.86734866,-73.90638209
42.65080818,-73.7719446
40.89367574,-73.30869305
41.28184028,-72.96120653
43.64849322,-72.34253657
41.83213908,-71.43314954
42.2746273,-71.17169802
44.28046208,-69.70435212
18.39039414,-66.07933548
37.14447262,-76.51167193
38.05150012,-78.54971534
37.46669461,-77.65863951
36.69154298,-76.93750373
36.70157604,-77.53768307
37.18249302,-77.35925387
36.99404821,-79.89034788
37.33307907,-80.71302141
37.08910231,-80.50544111
37.26607749,-79.93920592
37.32222391,-80.72250418
37.77851707,-79.44095496
37.1238875,-81.48895155
37.90124598,-76.87887582
37.43825833,-79.18779398
38.0313398,-78.49868708
38.09452441,-78.98683733
36.93295679,-82.64197514
36.89871348,-82.07878438
36.85202553,-81.48836745
36.87716898,-82.75430539
36.94446004,-82.62546425
37.9929072,-79.83203061
37.28527892,-82.06553917
37.3514029,-79.51751849
37.62841548,-77.38651607
37.54016604,-77.40693984
37.51019015,-77.69623495
36.89948466,-76.28162015
36.83663636,-76.34743187
37.25119819,-79.94254375
37.4136928,-79.1692269
37.41701527,-79.17157799
37.43789546,-79.18784233
37.30267955,-78.40431589
36.74550925,-76.24603947
36.86252074,-76.30167623
36.73360094,-78.13344839
38.85819852,-77.22768012
38.82212364,-77.10553472
38.88458862,-77.37984899
39.07395142,-77.47802201
38.73973007,-77.0770461
36.72291339,-81.91212146
36.86713036,-76.20623768
38.31152189,-77.4832286
38.41525697,-77.40720772
37.16067851,-82.44904833
38.82079041,-77.64280762
38.45523117,-78.01334457
38.76731361,-77.48752622
37.70122087,-76.38749461
37.47542893,-75.86407258
37.25089548,-76.6683812
37.06424346,-76.48303428
37.41981658,-76.54177578
38.40478676,-78.85547297
36.71211512,-78.91455143
38.02258118,-78.44438962
36.86457361,-76.0264938
37.05729223,-76.39033356
36.85084267,-76.18962947
36.86278106,-76.30414519
36.86217987,-76.30284416
36.77331468,-76.58111118
36.77521823,-76.09801829
37.33632098,-76.7408918
38.63707254,-77.28634942
37.46680815,-77.65896759
37.62767133,-77.38713225
38.8702953,-78.51268401
38.66325,-78.468518
39.19428081,-78.1932251
38.9303431,-78.19835145
37.54061191,-77.43045934
38.88888179,-77.12727766
37.65977739,-77.65653638
37.51384706,-77.52645497
37.55391298,-77.47311854
37.51068828,-77.59494114
36.5970718,-82.21682765
38.21751607,-77.49595136
37.7921888,-79.8812189
37.51437904,-77.52658042
37.09471726,-81.82028185
37.54635996,-76.97854052
36.57771385,-79.40545975
38.87008685,-77.1580785
38.93912604,-77.55282187
38.02492365,-78.52507479
38.71276596,-77.8090621
38.31261222,-77.48699277
37.06449231,-76.48257012
37.60437942,-77.53988567
37.30803777,-77.29126387
37.58594398,-77.50671264
37.18466931,-77.36406019
37.63171005,-77.52602103
36.85308888,-76.18945815
37.18720637,-80.4110117
37.26333237,-80.0316691
37.2046345,-76.5832501
39.144816,-77.54673835
37.31486161,-76.73188735
37.18733523,-77.35939664
37.06817522,-80.75728261
38.96222355,-77.364166
37.1214431,-76.4545306
36.69924359,-79.86718047
38.94013168,-77.54272258
36.67066197,-80.9239287
36.86623923,-76.02837358
37.59062605,-77.49073281
36.95444682,-81.09711541
47.57314563,-117.6939507
47.10866978,-122.5522702
48.49608592,-122.2763179
48.39656746,-119.5465259
47.24599096,-122.4481749
47.22589089,-123.114415
46.55567481,-122.2803544
47.51449958,-121.8264549
46.05355341,-118.3585033
47.84497018,-120.0096126
48.70700189,-119.4387313
46.3114343,-124.0426308
46.66282084,-123.8122912
46.86893031,-117.3760498
45.72237924,-121.4705307
47.13330056,-122.578496
47.70975442,-117.406725
47.33118914,-118.6825045
46.83040883,-119.1552615
46.13069363,-122.9417492
48.41786968,-122.3240431
48.27787863,-117.7108944
47.40660465,-120.3210305
47.12121882,-118.3718866
46.19924546,-119.1192167
46.98709397,-120.5378963
45.82018033,-120.811106
46.2350256,-119.0953862
46.71238824,-117.169806
46.06222765,-118.343197
47.65180024,-117.4234361
47.649213,-117.4135954
47.65090241,-117.4256712
45.62443751,-122.580727
47.60866127,-122.3216211
47.67076432,-117.2354709
47.70247292,-117.477696
47.64903536,-117.4090481
47.30891355,-122.2290357
47.66256824,-122.282083
46.37084485,-120.3170575
47.65085814,-122.3092606
48.18891955,-122.1189458
47.99989375,-122.2057095
47.71589109,-122.1784012
48.65304137,-118.7314009
47.44277805,-122.2139653
47.53407121,-122.3661718
47.80321628,-122.3343571
47.17831999,-122.565735
48.10622607,-119.7826329
47.65672952,-122.6750902
47.94244952,-119.0075929
46.20809196,-119.7639115
46.71240448,-122.9855806
47.2309067,-119.8681722
47.43352928,-120.3230866
48.1824222,-117.0491978
46.47549923,-117.6029482
47.5944512,-120.6607868
47.31449422,-119.5464278
46.31210478,-117.9702539
47.94620734,-124.392588
46.97923558,-123.847186
48.50192876,-122.6156668
48.10604332,-122.7892732
46.28134338,-119.281956
47.65792772,-118.1453598
48.54067179,-117.8927485
48.08955335,-123.1111959
48.77326836,-122.4729794
47.12816325,-119.2651887
46.3224796,-120.0066818
46.40255369,-117.0547613
47.5831533,-122.6250459
47.25981135,-122.4528678
48.21389329,-122.6843268
47.60977668,-122.3278668
47.04273092,-122.9517868
46.28312741,-119.2813075
47.4877049,-122.2959786
47.66737354,-122.3795497
47.56323103,-122.3080257
47.60386015,-122.3239889
47.71417239,-122.3368954
47.62049135,-122.1871752
46.59374521,-120.5479466
47.71912215,-122.2042734
47.86413951,-121.9899701
47.17918,-122.28953
47.60772122,-122.310598
47.20917576,-121.9877471
47.61998188,-122.3120581
47.45743559,-122.3432122
47.70662682,-122.3211426
47.05294191,-122.8473865
47.15431,-122.50204
47.29269775,-122.3273924
45.72098352,-122.6482415
47.24164648,-122.4810546
47.36356287,-122.6132385
47.55145323,-122.0654438
47.6763133,-122.0991269
47.25948557,-122.4526356
48.52677897,-123.0296011
47.00690408,-123.3918327
47.611948,-122.328566
47.6189453,-122.3122273
47.3589744,-122.1042083
47.8785543,-122.2343383
48.13860418,-122.1795895
47.97572585,-122.2172429
47.97523966,-122.2165149
47.86395298,-121.988297
45.71388861,-122.6406996
47.6517723,-117.414111
47.2422223,-122.4812197
47.0424044,-122.8280845
39.663925,-79.9467491
40.39325519,-80.52789795
40.05917571,-80.68431729
37.7988327,-81.16818375
39.47624347,-77.98023718
38.0482,-81.80619
38.66115929,-80.74860807
39.143249,-80.061793
38.40976703,-82.4274023
39.26942401,-81.56010635
38.34792179,-81.62719975
38.348059,-81.626454
38.34335473,-81.63005402
38.43191388,-82.40076965
38.92825591,-79.85480019
38.41888909,-82.33866826
39.65648602,-79.96198365
39.30559096,-81.53435122
37.36396619,-81.11352907
39.34381511,-80.02520593
39.00141868,-79.13699714
37.77316067,-80.47024923
39.333371,-78.698562
38.31507673,-81.56901926
39.2717754,-80.37143889
38.37687673,-82.51650613
38.82287628,-81.73014727
39.29598914,-77.85875906
37.84609551,-81.99438703
38.41276559,-82.41330097
38.92276007,-81.09249296
39.66361557,-79.94694373
38.18267304,-81.32439917
40.07988622,-80.69399837
37.97127658,-81.14978059
38.86906541,-82.12322387
38.20082912,-80.1089784
39.40950767,-79.00318076
39.46495411,-79.67751161
37.36271893,-81.11301085
37.7875544,-81.20193159
39.94614193,-80.75243755
38.41959145,-82.4366994
38.81255478,-81.36903423
38.35388293,-81.63252688
39.55860031,-81.00404988
38.35346177,-81.63324072
38.99141205,-80.2363893
38.43055045,-82.40041273
39.04763994,-80.492092
37.65063595,-80.86029453
38.2925122,-80.82929269
38.35486511,-81.72686652
39.32831,-80.23946
39.64238269,-78.20037833
38.48226133,-80.41068752
40.39309518,-80.52789166
37.43912905,-81.58809901
39.65459341,-79.95790975
39.68112864,-80.85003262
40.05911861,-80.68500734
39.04114927,-80.49630427
39.65390499,-79.95860598
44.62050754,-91.96233292
45.2968281,-92.36091583
45.30244842,-92.36616471
42.73165045,-87.82650281
42.71587563,-87.78420337
44.02537515,-88.15319092
43.06116329,-87.88009033
43.25597939,-87.92621656
44.24825124,-88.40250968
44.01242072,-88.60104549
43.06145544,-87.88038438
43.0593759,-88.15451943
42.86001258,-87.9540681
43.07412025,-87.9760734
42.98565775,-87.93465729
43.1777266,-88.0876974
42.9556029,-88.0089756
42.99012,-88.2688534
43.56694999,-89.4665106
45.92806463,-89.25166119
45.141652,-89.139545
45.13511577,-90.35607112
45.17563254,-89.68183128
44.498931,-89.516533
45.63947041,-89.37482659
44.3817334,-89.8303048
44.95358209,-90.91889976
44.52643184,-89.56709621
45.48648033,-89.73397541
44.96584185,-89.66789021
44.4749559,-87.94088086
42.66189503,-88.49619199
43.32365209,-87.92817154
45.07196868,-87.61769653
42.67282391,-88.28118661
42.72752582,-87.94675204
43.06591206,-88.46757865
42.56939682,-87.93546502
44.12536783,-87.61945613
44.02774678,-88.59521837
43.31840584,-88.36246156
43.0467651,-88.00771643
43.77338685,-87.70999507
43.04249014,-87.9278109
42.93633907,-87.85117278
42.98882817,-87.95025177
42.98962623,-87.95021077
43.00142505,-88.02347389
44.89638033,-87.86555418
44.50224209,-88.01128559
44.48431467,-88.0162551
42.54829771,-89.00843152
44.3032411,-90.85515144
44.52271226,-87.92482708
45.77495986,-92.68689511
43.042354,-88.024153
44.18713506,-88.45444023
43.02079324,-87.97538031
43.02187305,-91.11312718
45.53084997,-92.02858962
44.8327027,-87.35333553
42.83471334,-89.04426725
46.69757315,-92.10263211
43.77639955,-88.42923391
42.93110393,-88.82797681
43.22584307,-87.92283345
42.9007187,-87.9210314
43.08436845,-88.22561431
42.957712,-88.1113665
43.04086156,-88.02461256
43.16435276,-88.13760545
42.57813792,-87.81978146
42.5645159,-87.92432114
43.35575884,-88.19509696
43.01105323,-87.99720678
42.84390755,-90.7088631
43.13318413,-90.70863516
43.79458602,-91.24696716
43.64872608,-90.34520407
44.36432625,-91.3187495
46.0347968,-91.48574688
44.09465466,-87.67649578
45.89350427,-89.70253852
44.86533455,-88.12769344
44.96080968,-92.71761001
45.74235175,-91.92639856
45.30186079,-92.70060728
42.7377563,-88.16797973
44.53415781,-88.06427708
44.6772621,-90.1787418
43.44843295,-88.82611811
44.79487688,-91.5207727
44.7964315,-91.5210137
45.45466867,-91.11004987
45.89012658,-89.70846324
44.55788671,-90.60787494
45.93068776,-90.44122946
45.50646122,-91.75912821
44.89018231,-89.58014599
44.81280469,-91.51231466
45.10167721,-91.50148325
43.80394793,-91.24030403
45.39740962,-91.83952609
44.57796683,-91.21317702
44.88298524,-91.90156741
43.94422596,-90.81438359
42.68364369,-90.11002717
46.56863847,-90.88841722
43.13373217,-89.39856894
42.68784591,-89.03319042
42.59808729,-88.53951992
42.85989424,-87.95430163
43.78283545,-90.07515587
43.0430428,-88.03025559
43.1072141,-89.5267238
43.9745537,-89.8213496
44.93113047,-89.63424472
44.93175012,-89.63355049
44.68234448,-90.1658003
44.81571619,-91.45271048
43.09794593,-87.91468222
43.32260735,-89.03537068
43.10006134,-88.48681374
42.8496663,-88.3129189
43.01117699,-88.24255095
43.54971484,-89.99293864
43.02603411,-88.2872089
43.33870228,-90.38227434
43.83437609,-88.81775153
44.86467508,-92.60272076
43.08434245,-88.43592134
43.18730941,-87.9676262
43.00146681,-88.05139457
44.79446577,-91.51066676
43.28727266,-89.75210536
42.985533,-87.935428
43.06593344,-89.39938339
43.00205081,-88.02376861
42.74493367,-90.47913064
42.71963122,-90.45815649
45.8414727,-91.87206809
43.48097094,-89.73052407
42.66928844,-88.97688899
43.05933846,-89.40142922
43.77757679,-88.43096365
45.40903243,-92.64257812
44.9506247,-91.35982546
44.53276298,-88.06609037
43.7623479,-87.74753796
44.50113003,-88.01234487
42.92022462,-89.21074435
42.60856042,-89.63462444
43.97847715,-88.94122636
44.760534,-88.606696
44.34527676,-89.07661624
44.18356053,-89.2460595
44.38115627,-88.73370085
44.27846066,-88.3938163
44.18748956,-88.45338493
43.95911504,-90.51212634
44.00308068,-90.49331901
43.06521176,-89.40158431
43.01915337,-89.52500623
43.07658541,-89.43184714
42.95132396,-90.12946277
43.15303898,-89.29670252
43.55167397,-90.88839128
43.19909065,-88.69685246
43.02606522,-88.23280782
43.63165483,-88.74562167
44.941339,-92.378301
45.11776075,-92.55550038
44.47620914,-87.92416131
44.07474915,-88.51823742
42.71732992,-110.9304375
44.43388761,-108.0509123
44.35080469,-106.7064916
44.52659524,-109.0732833
42.75906617,-105.3807097
41.78970804,-110.5416944
44.82665579,-108.3897296
42.75344312,-104.4455263
43.84777938,-104.1880445
44.7569224,-108.771768
41.78688584,-107.2621487
44.40902584,-104.373692
43.64801527,-108.199256
42.08286063,-104.1928024
42.05010869,-104.9607576
44.01272297,-107.9494109
42.84422553,-106.2423701
42.84168021,-106.2308097
42.84807688,-106.3088233
41.1403626,-104.8156268
41.24334827,-110.9904981
44.28988265,-105.5174792
43.48028185,-110.7495779
41.31235565,-105.5563126
43.03466095,-108.4187232
41.60276094,-109.246393
44.80837306,-106.976002
41.58495115,-109.2355009
42.83476414,-106.2938727
41.26382872,-110.9470982
42.31618981,-88.96032849
29.99701478,-90.18655713
35.95784039,-83.93613865
35.89835972,-84.14390827
41.75374687,-72.68032466
39.8176728,-97.637378
30.41112373,-90.08067651
29.31080769,-94.77712159
29.54483876,-95.12562085
32.42602999,-95.21308612
29.18399415,-95.40538237
38.33035939,-81.6030607
38.45179632,-81.95238534
38.35923196,-81.6379058
42.82047503,-108.7267433
33.82391446,-118.356097
30.84527535,-82.00505739
30.00690698,-91.79452385
34.28325037,-83.11897237
43.03581215,-88.03726582
18.36753363,-66.15429774
40.58659539,-122.4119741
34.63537161,-120.4521883
32.08616827,-84.66069977
37.7865092,-122.4560306
37.79070454,-122.4312945
34.06720478,-118.2863921
33.83364001,-118.079678
39.14310632,-121.618012
42.39,-71.1094
35.14311024,-90.18909851
34.51212501,-93.05260787
34.22219143,-92.08268605
34.5175108,-91.55829954
42.5047,-71.2744
44.31311976,-69.76843437
44.54919273,-69.65867356
43.85034393,-69.6387693
39.97148609,-75.16319015
42.9718711,-71.87453591
38.02270661,-84.47269852
38.50845432,-82.69261651
40.83976326,-73.94128258
40.76941213,-73.9868084
42.90920851,-78.87520901
42.90100509,-77.26861401
41.26639132,-73.62071751
43.05813047,-73.78539606
41.89545454,-87.6183348
38.24265652,-85.73123773
45.82559733,-91.89634651
43.04519375,-76.14054445
34.91947628,-95.32085573
35.48165324,-97.49610501
37.766669,-87.100834
18.18676401,-67.11919677
28.52433987,-81.3791536
30.51634012,-87.21686302
27.98023088,-82.49220872
32.73685764,-97.34897946
38.89080496,-90.17092928
33.6596692,-95.54722893
33.01398751,-94.36388358
29.35353715,-98.54470772
30.95686367,-95.38104923
29.54477125,-95.12586399
30.0005391,-95.56274483
29.71103908,-95.35980642
43.61558765,-116.1915765
39.96803205,-86.15870702
44.97308048,-93.23144086
41.65282059,-88.21737981
33.15366153,-97.05667447
33.659737,-95.547557
32.23103861,-101.4727695
31.98171367,-102.154371
26.17104215,-97.66727696
29.42567199,-98.489416
35.20065636,-101.9185355
32.31119781,-95.2487673
32.747384,-97.3395734
29.70703136,-95.39707717
29.54759011,-95.11754744
26.18368016,-98.21822053
41.65811419,-87.67783029
32.85234511,-116.9741142
38.73039978,-121.2861748
32.55600839,-93.71686367
30.14061776,-93.24706275
39.75456397,-121.8476488
30.49615595,-92.37533383
34.05729227,-118.3605274
34.06488002,-118.2392278
33.81584699,-118.0071812
33.84252443,-84.42708736
33.67768895,-84.73391954
31.13563535,-93.26882275
40.55013511,-122.3804882
33.80487845,-84.33140996
42.95367246,-88.05096986
38.12385822,-121.3059068
39.74525179,-104.968043
43.28285398,-89.72006455
30.97039384,-87.25759799
41.56294365,-95.88561847
43.67448476,-92.97764976
36.62129738,-90.82581957
35.2107976,-80.82352152
35.24156054,-81.35705796
35.02100061,-79.14921866
36.09101799,-79.78604811
28.06156052,-82.42284161
26.12640945,-80.20526766
42.82939144,-71.63356503
33.78493225,-85.76355079
39.94097469,-83.81134186
39.36102853,-74.42640609
39.63223626,-74.77258356
39.63547458,-75.03510388
40.73716966,-74.17073796
40.65910896,-74.197588
41.20702419,-74.6034979
40.49635713,-74.4491258
40.83896659,-74.51025497
40.78962092,-74.48918054
40.46762314,-74.68519624
40.06689584,-81.58206031
17.98077092,-66.10616612
18.03325021,-66.59313035
33.31390869,-111.6874273
39.39553958,-119.2792791
39.43588014,-119.7603403
40.54174387,-112.0133527
39.42589574,-86.404839
40.42717393,-86.88065722
39.65623818,-85.132661
39.80249355,-86.20129205
33.49265294,-112.0719948
41.21627054,-73.06506733
33.64366959,-111.8983716
41.924613,-79.653312
35.3109667,-95.59181607
40.06007458,-80.72168064
35.78257951,-95.35625691
36.39263246,-97.87408924
51.868005,-176.640263
18.20273299,-67.13982639
18.39093314,-66.07618755
21.361343,-157.889402
29.92579844,-95.63154356
26.93944443,-82.04052614
26.97706838,-80.10169924
30.4323569,-87.23315589
27.43380066,-80.34563788
43.42383001,-96.17198959
33.17671639,-95.23494579
27.67977415,-97.37023765
30.02458106,-95.44853039
39.13726788,-84.50127397
41.50471329,-81.60571867
32.88377332,-96.75796427
32.71511831,-96.8597695
33.57339136,-101.9019483
43.58594689,-116.3586157
40.74169664,-86.40061387
39.18859027,-96.06110542
43.01235803,-71.44086704
40.49517153,-79.88734956
42.34953083,-72.68244039
44.82737773,-106.9857364
45.63663819,-122.6572493
42.06302243,-71.05393559
43.68892882,-116.3503012
32.73577378,-97.34335383
32.66203254,-97.41423269
40.67481574,-74.26565452
29.77455376,-95.14465578
32.59903863,-97.14435357
29.86738019,-95.40800378
26.16067855,-97.70704055
30.04685502,-99.15625399
32.74075986,-96.26274185
30.58055046,-96.29257915
29.65173635,-95.4777382
30.2731284,-97.73411294
43.15556032,-93.26437654
40.95554287,-91.53594938
30.39922677,-91.09938037
34.05201504,-118.2384205
34.02341366,-118.3979472
37.4652921,-122.1610052
38.46962166,-122.7074371
36.97970361,-122.0033095
33.5793287,-84.3891338
29.88431261,-90.02760604
32.55833027,-93.71820586
35.64090045,-117.6726311
42.01709827,-93.45276476
42.19007926,-93.59411806
40.19678348,-85.41481236
39.67327422,-95.53049381
34.04810079,-94.35258284
32.320004,-111.0101227
36.51903178,-88.89567406
37.99755791,-75.85255488
42.3434272,-85.29133174
41.91366434,-84.04910402
42.44224446,-83.01977521
45.63876207,-94.56688489
45.82375708,-92.96437531
37.05762779,-94.52698351
38.96820462,-94.57437145
39.02978708,-94.4676145
38.4944295,-90.28355765
38.94415851,-92.74072307
34.85595491,-111.8234794
35.74812386,-81.52341992
35.8993762,-80.57179142
47.90954377,-97.06973339
28.68089176,-81.50807586
45.53170667,-122.6640591
42.75666902,-71.46082865
33.27447567,-88.08863575
40.54435085,-84.37071357
40.55682547,-74.35064333
41.61073277,-93.68345522
39.90182884,-86.04468184
40.690876,-76.18824
39.96100855,-75.21781989
40.07069916,-75.08783268
39.95169918,-75.22955434
40.59049118,-75.56334795
40.80586668,-76.57050497
41.260041,-76.984769
38.47393774,-85.67003676
32.51677517,-110.8873002
42.113052,-80.120058
42.2509,-71.0138
31.36458886,-109.5951136
32.10752463,-110.9811825
32.48010887,-84.98509377
43.89559117,-69.96812006
34.88366763,-83.41469014
33.80481896,-84.33117202
42.90090441,-97.40088833
42.59760202,-71.80539154
44.49779813,-103.855762
42.2536,-72.2428
37.1923042,-78.17509638
38.13184581,-79.03533052
39.7470176,-84.1992581
30.65097889,-97.02066652
39.67952264,-120.2435849
37.96712978,-121.2876016
33.86508146,-118.1562741
38.73280885,-120.8020629
38.6334945,-121.3545544
40.03784389,-85.7250539
30.2251075,-90.91778524
30.17381073,-92.02605642
31.32071899,-92.43986103
31.9323476,-92.6313354
30.78931277,-89.8604173
36.10007945,-119.5639527
38.34717995,-122.5186989
34.03514331,-118.309357
33.75244151,-116.9604388
33.70086462,-116.2216257
37.75916748,-120.8602989
39.15559561,-121.6184357
30.02757156,-90.27186519
30.22612066,-92.01062801
37.77062863,-122.2370243
38.1306131,-122.2409988
34.03960373,-118.2127942
31.77536552,-84.7934916
43.047293,-88.26708532
30.23195046,-92.67837576
37.78665958,-122.4546917
34.06387156,-118.2736145
31.60659256,-84.16941454
29.95665882,-90.08500462
30.20975616,-90.93174138
31.64697512,-91.55478516
32.40470917,-93.79554888
43.98400074,-90.51535328
33.73901823,-118.3062738
33.38153727,-111.8446262
43.00960634,-96.05886104
41.06113935,-85.14550814
41.546435,-87.18433191
33.61088459,-91.81679407
35.81006986,-90.69154203
33.2207269,-92.67109375
39.09986285,-77.19895807
44.59020244,-68.43359064
42.00259106,-83.93782239
45.95826246,-86.23952205
42.25631179,-83.16389534
46.12679487,-92.86531661
42.25188059,-84.3855601
45.79431262,-108.5190528
38.97870513,-93.41663454
33.31312711,-89.17460507
39.52452158,-75.2184763
40.75802912,-74.14915098
40.6697668,-74.3539099
40.24355784,-74.80543625
41.13500507,-80.65803839
41.03921194,-95.73556612
40.29890738,-109.9946111
37.95613074,-87.50069541
41.25182737,-85.83109258
41.61065217,-86.72529027
41.58193668,-73.40961951
30.19313357,-82.63275612
41.57434191,-75.42685754
40.44268659,-79.91919944
40.424853,-79.74575
41.832527,-75.872756
41.19504,-76.004124
40.257679,-76.880659
42.5289,-70.9382
41.21068474,-80.46952182
45.47315233,-98.50024018
43.43118171,-103.4801441
44.07783844,-103.2527119
36.59717649,-82.21648025
44.95854425,-93.21064793
48.19460728,-96.77497025
43.60334971,-116.2644308
38.04526648,-78.5206042
37.33745961,-76.74159568
36.86857265,-76.44189922
36.76054906,-76.5945602
34.63628184,-79.69711175
38.43989519,-78.87130607
32.79152613,-96.78347218
41.11359098,-88.83458224
46.9812624,-123.8205586
47.63429471,-122.135403
43.09100972,-75.25811713
43.49094024,-96.78175923
42.80485019,-73.91579101
47.51272014,-121.8857629
40.60306403,-74.09182025
42.55848862,-79.12583875
43.0133403,-78.19787395
42.91841783,-78.86800239
40.68576604,-73.42263251
40.69064667,-73.76867577
39.25569234,-76.79311804
32.88589548,-100.13516
41.5996574,-87.73410328
39.04960905,-84.5293474
39.07134837,-84.51799989
37.67881896,-82.27264885
40.49584506,-74.44888636
35.20389989,-80.8389018
34.00895807,-78.29090656
45.49901015,-122.6857147
29.38403039,-82.45498687
29.69160311,-82.43622449
29.13106583,-82.21902089
31.00048541,-86.31313797
39.4632829,-82.24321018
39.36143472,-84.3657349
39.44385132,-83.84002096
40.20797957,-74.75652847
39.95675249,-83.05916505
39.94197164,-75.11430767
39.92864825,-75.10836805
39.68107392,-74.86248752
39.44051198,-74.68898232
40.29638119,-73.98384912
40.81142735,-74.20403874
39.12953113,-84.52229563
38.33308559,-85.75243382
40.58836593,-112.0311715
40.80638025,-81.51745136
40.76823569,-81.50782996
40.58446641,-74.26846961
45.8092599,-100.8083509
36.64622956,-80.25489167
40.18097047,-74.88517846
40.209605,-76.972525
40.84418356,-73.83535509
40.802971,-75.615028
26.4366253,-80.12847349
36.09290821,-79.81786379
40.91910757,-74.13540051
31.35595,-92.437722
41.707343,-86.16311
39.064603,-84.445641
28.36614,-81.275711
39.336341,-76.595699
36.73728869,-119.7521877
30.03174316,-90.27008687
40.943051,-98.357221
40.84659365,-73.83850199
36.0827955,-79.82245615
35.11887223,-80.87192277
45.10648062,-93.25673044
33.36897079,-82.02964375
34.778158,-92.297424
32.83472905,-83.63666986
38.57369002,-89.90542634
42.09161127,-76.79504971
18.43391033,-66.47468203
40.5204615,-85.63826841
35.48227316,-83.31861582
41.869922,-71.37645645
41.98157826,-71.51284391
32.25822576,-81.21737345
32.35785054,-86.1286248
42.369124,-71.249607
45.933282,-112.510929
41.09617146,-85.11021903
32.50082455,-92.11402732
37.31129603,-121.9150166
30.2043889,-93.22154829
38.55198584,-121.4564434
30.83728183,-91.00064072
39.94652909,-76.71844629
30.03713251,-95.60624525
36.04322533,-95.95319698
29.7476678,-94.94611927
33.51774975,-90.1994591
41.75412542,-72.67917789
44.33191854,-72.7539322
35.83402589,-96.40143787
36.04293912,-95.95394971
36.14698819,-95.96938592
29.36023525,-98.4579838
35.36567811,-118.9297762
40.7697165,-73.95302135
32.81896722,-96.84883749
31.78036759,-106.4776047
41.98552158,-91.66030654
30.02478542,-90.27185657
33.68027171,-84.42689474
30.44279574,-90.9998043
39.54109398,-119.6973502
29.52688039,-98.59497177
40.25316194,-76.92235055
39.92473446,-75.26764194
30.20423601,-92.01458776
32.75605272,-97.14422496
41.61515732,-87.52307341
43.22342175,-86.24225523
40.73923372,-73.4945666
41.54362128,-73.96337745
41.1374108,-95.94789084
31.31873935,-89.33038891
32.24565481,-90.06618747
38.95780718,-119.771924
35.52690674,-97.58413106
18.42993074,-66.4938181
18.20324168,-67.14102334
37.27864521,-97.39297897
38.24600518,-85.74871854
27.91500413,-97.16253788
33.56222051,-97.83437949
30.47144327,-87.25261722
32.84084287,-96.86830231
26.32730827,-80.18880759
29.70431067,-95.40577145
33.54949016,-101.8695867
39.80942153,-89.66457817
29.37538868,-98.41183963
32.39634203,-96.86539388
30.85727942,-96.97747417
39.19537129,-84.47020688
42.03435234,-97.43103267
29.69402866,-95.31592331
29.63733556,-95.16043245
30.02528619,-95.43561118
30.08793464,-95.61982896
30.30911532,-97.73510746
31.77205182,-106.436115
29.71201681,-95.37442375
31.80838759,-95.15774878
32.64653072,-97.41869014
34.5216167,-86.96702901
31.63632159,-86.74307505
41.89062151,-87.70787847
33.38081195,-117.2445588
38.91071383,-104.7897384
37.29378408,-120.4734747
39.15360363,-121.6175496
33.58493524,-83.48056681
32.89557107,-83.68259834
30.18519797,-92.08967241
32.51670867,-92.63204688
34.89382649,-117.0189018
32.74944563,-117.0766322
35.27566032,-120.6467907
37.79069713,-122.2221838
37.70941003,-122.1185459
33.37944077,-117.2434998
37.60026659,-120.962973
32.84718953,-83.61985197
38.073859,-84.538381
29.69239576,-95.40075736
32.53648137,-82.9432264
34.24438639,-118.4820418
39.75686334,-121.5712977
37.4616441,-122.1591834
30.21992409,-92.05724484
29.93763159,-90.10393385
30.18253778,-93.20809966
32.49524353,-93.75007
34.07094622,-93.68683939
38.3159032,-84.05934766
38.54239876,-84.84113943
42.3496,-72.6824
39.08679628,-76.88120724
39.00256796,-76.9800222
43.68788545,-70.3569291
45.81029679,-88.06154549
35.21015517,-80.82102909
36.08342606,-79.82541858
35.24985309,-81.67641059
39.967361,-76.692573
38.06164318,-117.2224901
40.657591,-75.420109
40.861931,-76.778025
40.04081396,-76.32097873
36.83321553,-81.5101823
36.98618129,-76.39278745
41.94024658,-87.72864369
40.98150956,-74.93182335
35.64484388,-97.46539263
38.89628614,-94.66912856
26.24610104,-98.1985359
26.18198646,-98.20849156
32.91375287,-96.76689953
29.92712973,-95.58969896
21.32867361,-157.8521328
39.9808247,-82.90958494
40.66859853,-74.5575506
43.44479571,-83.96202358
44.02395962,-92.46583322
40.87343949,-79.94413084
41.54367413,-90.59376514
35.65465832,-97.4615103
37.35126304,-95.28054226
35.25959361,-97.48953346
35.218499,-101.9022048
39.77528333,-86.17656162
39.77710774,-86.18027646
39.39474081,-84.20874422
41.45837283,-87.3329309
29.35410452,-98.4567103
29.43763615,-98.49305967
31.82079555,-106.4624822
29.69450237,-96.78813415
32.56443086,-94.76403545
33.19729748,-96.64053232
34.22414131,-119.1942305
29.8840848,-97.91806068
37.76184594,-122.2540476
33.46572907,-82.0183653
30.15267806,-92.04621968
35.13034378,-118.4487369
34.04149556,-117.809078
33.79088124,-84.36541034
37.53953897,-77.43068311
27.78174203,-82.66467764
42.3466,-71.1419
42.327,-71.1103
38.64168815,-75.60448633
41.89439787,-70.9145002
35.1528922,-90.17718931
43.4484505,-70.76710608
39.041219,-95.692635
37.80025437,-90.43988609
36.75797279,-90.39731996
37.1113917,-93.82112528
37.86137763,-93.99705951
36.77236803,-90.41655627
31.09032033,-91.06758723
31.86934684,-90.40038755
34.21265039,-77.86266882
35.90908232,-78.59783739
34.90181201,-79.70852145
47.87786025,-97.04697286
26.75395811,-80.06746906
27.53545327,-81.81696191
40.82219334,-81.50451061
44.3103166,-120.8433748
39.32883286,-82.11878516
39.78194799,-74.92034633
42.82386953,-78.73154929
33.2186744,-87.51766471
40.84240204,-73.94454839
40.48849505,-78.39575461
41.46091276,-81.69760208
43.12331264,-77.61057965
43.10016113,-75.26008732
40.84718852,-73.83985828
41.40567172,-74.3925228
42.92909489,-78.88025762
42.105825,-75.86826849
40.79000437,-73.92912735
40.65648551,-73.93913475
40.74553675,-73.72574321
42.65449071,-73.78020285
42.34405241,-77.34750919
40.58201505,-74.08061727
40.74113951,-73.7315253
41.44589226,-82.71019692
18.41770643,-66.14809186
18.14212852,-65.43963461
43.16743673,-75.30232149
40.85099238,-74.12877526
40.24723777,-74.8019455
40.38856535,-74.65344457
40.00990766,-74.22171112
39.84385584,-75.14946599
41.5357086,-81.22301229
35.08503034,-106.6390846
18.03439368,-66.59454152
41.55731149,-83.68291445
41.3489516,-81.57257847
35.09025773,-106.6162458
30.41511432,-88.94195402
39.39043104,-83.02039876
36.07899156,-115.2810458
41.94989163,-116.097797
36.28472567,-115.094471
41.43924188,-82.23604518
33.50261565,-112.1707916
41.07800073,-85.1492772
40.45458835,-79.93976775
42.5018,-70.9799
42.4581,-73.2807
33.07299895,-111.75906
31.43600381,-84.72154643
35.03231075,-110.7141168
37.24165444,-90.96149362
43.43675023,-103.4761791
39.92500016,-83.81302258
43.28855995,-78.70831696
44.77372516,-94.98553568
36.85120782,-81.50825791
37.2898228,-76.73599165
38.85788919,-77.23203453
34.87301434,-82.36184636
34.37265049,-81.09911486
39.6103389,-82.93621176
37.25573232,-81.23550747
34.0024267,-95.48119817
30.28080427,-89.75375016
35.52993164,-97.98055753
36.07290864,-95.90553001
35.30724323,-99.63238712
35.49344589,-86.47247381
39.48233533,-80.16537271
18.39681887,-66.07345087
31.14456949,-83.42453855
30.20720609,-92.01769606
32.50199956,-92.14924684
31.92979202,-92.65262106
34.98075749,-85.40189129
41.8068937,-71.4208197
41.81114989,-71.40890645
41.60201487,-93.60959589
41.59717847,-93.78976814
41.3225916,-93.11408065
44.56512867,-69.6464188
42.33999956,-85.17519395
33.58458954,-96.16663814
37.09906632,-113.5758646
30.01682787,-99.11477579
41.02848763,-81.75152011
31.51145557,-97.16414014
33.84582428,-98.52418343
42.52202847,-93.25952575
39.20020155,-119.7841939
40.75791374,-111.8227318
42.11292384,-91.28803141
32.90543394,-96.74884756
40.79731915,-81.40306222
40.183052,-74.867443
40.45394404,-80.00872011
40.01954314,-75.081875
39.95753699,-75.1630302
34.7501026,-92.32433467
36.77325043,-119.7791451
40.86997,-80.275656
41.480823,-75.596063
39.97502538,-75.33442904
42.102202,-80.063293
42.7071,-73.1095
39.92205017,-75.35005619
39.98985686,-75.12912404
34.67856195,-84.49337651
37.97488317,-87.44510778
44.01454423,-97.11042813
43.51929524,-70.37852173
33.77663503,-118.1190786
44.05682021,-103.2264615
45.99430867,-95.9639933
40.43813714,-75.34859493
37.25551282,-76.74059784
37.39143134,-80.10989745
36.7487388,-83.05077601
36.13373363,-95.96673672
30.21933721,-92.36894278
30.2050534,-93.22262023
34.07925336,-80.9804777
32.86322983,-97.18541568
41.3798975,-83.1160708
36.09140457,-80.04369224
35.08782262,-78.87695584
47.53614824,-122.021809
47.18095643,-122.564431
43.30398569,-96.57999678
41.15907557,-74.03806184
43.53423365,-96.71432391
40.12327171,-87.58695313
43.448562,-76.48991686
42.34748774,-77.66309791
41.23701881,-73.92928204
40.68523661,-73.42114535
34.25475226,-99.51579603
41.89296012,-87.84849498
44.40227207,-103.5070254
57.05976133,-135.346935
47.48881047,-111.2984999
40.77030214,-73.94214388
35.46900639,-86.08407034
35.93489292,-84.55166105
37.92140928,-95.39432263
18.20615773,-67.13146105
17.97596128,-66.05836758
18.39193295,-66.07244964
30.27385338,-97.73383345
33.21936526,-97.76235235
27.31872175,-82.53412254
27.66115557,-80.39624279
28.06146779,-82.42799488
30.39777632,-87.03943309
26.43634854,-80.12949214
28.67085506,-99.1749823
26.11225301,-80.348686
29.87149322,-95.34211249
29.80367162,-95.40414617
32.92784581,-99.78329501
32.73294147,-97.0493792
41.4806953,-81.69086847
43.59969652,-116.3526083
41.70168559,-72.74061649
35.9143078,-86.3806145
45.51778013,-123.0894751
32.79182316,-96.78160751
32.88952645,-97.09804628
32.37353582,-94.86804406
33.02123751,-96.76907374
26.26404819,-98.20081327
32.27052408,-101.4979116
34.15535295,-99.32598275
29.49964983,-98.57672949
29.51519837,-98.53269609
29.72417952,-95.383959
41.84002429,-90.21374357
41.26424129,-95.95588849
38.55719537,-121.460877
38.57186985,-121.4725168
33.66344421,-117.9228031
33.84329175,-84.42860127
30.80828659,-83.99389357
30.89863693,-83.33555852
34.21939857,-83.46900739
34.34663565,-82.93947389
41.99725365,-71.76246104
30.45843446,-90.13503711
30.93736157,-90.52971876
13.4752103,144.7366118
37.9003532,-85.9414375
46.55426642,-87.40082366
39.87770033,-75.32022575
40.20818794,-74.03962838
40.70947028,-74.21192764
40.88500135,-111.8717969
36.8678106,-76.13147748
37.58361458,-77.51229963
37.54916454,-77.56756641
25.79122252,-80.21672492
37.80619303,-94.71096739
44.95948943,-93.26424091
40.32638708,-78.92129736
39.968325,-75.600907
40.61854574,-79.73619518
40.49519826,-80.0604064
36.13362072,-82.41305158
37.57090134,-77.45083318
39.18315586,-78.17239498
27.37594967,-80.37141531
34.15092132,-86.84598486
34.72063759,-86.5746174
33.85301767,-117.8177366
41.65870807,-86.18197979
30.51813168,-91.15682523
38.93102538,-76.92066798
39.92113587,-75.16930237
36.2354033,-90.04116699
40.17474761,-122.2424489
40.68331508,-80.09822046
40.284255,-76.816477
40.60213885,-75.49446471
46.05516275,-118.3291664
47.65024306,-117.4085613
47.71938724,-122.2021396
47.05579212,-123.2602846
46.13711603,-122.9244332
47.45789244,-122.3433835
48.74403657,-122.4725545
47.49433229,-122.350699
47.62645489,-122.3297357
45.64612622,-122.6698887
40.78078063,-96.73392501
41.83485355,-96.45918371
41.13793725,-102.9726196
40.67978577,-95.8621545
42.04735132,-97.83784808
40.92465103,-98.3638754
37.65508771,-97.24269404
37.66615812,-97.29259655
38.38818202,-95.59962994
38.885785,-94.76781
38.93288391,-94.65124218
37.01511053,-98.48361721
37.22477863,-95.71672646
37.15921271,-95.11107692
39.30731117,-94.91834632
37.73122465,-97.26058197
45.6492691,-110.5692874
40.78893717,-74.46620335
34.34882029,-89.52019895
37.28398912,-98.03292624
34.62461973,-89.95627268
33.18305482,-90.47008105
41.23634145,-81.48796547
34.24695538,-90.2775025
41.30999936,-72.94248292
38.91240176,-75.43107562
37.15499259,-98.01734909
31.52490817,-91.38682399
41.659675,-86.898189
39.987097,-85.930289
29.93896657,-93.92228257
42.05906863,-104.1828496
42.84790427,-106.3071222
40.3724339,-80.70122136
46.88643897,-102.7858878
41.43525136,-74.04232114
40.02606052,-105.2832587
46.5969318,-120.5210269
39.59588383,-105.0924864
38.93828219,-104.7172964
39.13495616,-84.60736474
35.975103,-77.818865
34.232067,-88.71687
33.26565361,-111.8956663
33.58703179,-112.2712947
41.65674059,-72.65651214
28.07039609,-82.35733765
38.14244393,-79.02740691
37.21159968,-77.44910978
36.55475681,-79.41002832
34.0068349,-84.15290664
33.98626215,-84.60626393
33.92502326,-84.30876592
32.48269659,-84.96811113
30.09981953,-93.76655679
31.95080671,-97.31981573
33.5867927,-101.8508308
18.39721599,-66.07230782
40.94668642,-74.20485293
33.14261683,-96.70720525
18.39052467,-66.07587827
25.9733,-97.51392299
28.76998056,-81.34874491
30.471301,-83.418787
40.75300509,-73.70845654
34.80185624,-88.20835451
31.33959437,-109.5606822
40.75633869,-111.8331838
36.58118299,-121.8859061
36.73705714,-119.7521144
42.962691,-85.086655
34.120536,-83.8377
33.753896,-84.382067
39.91182333,-82.78307021
40.80995371,-81.37244027
40.14710352,-82.9372736
39.13701484,-84.50292745
39.95354363,-82.98776204
39.12941,-84.497166
39.3630858,-74.4385142
48.1161515,-96.1795066
34.873582,-92.124839
43.72510361,-98.46573475
46.3591422,-94.2576299
45.88256222,-95.35408621
46.2752393,-96.1057157
43.6530936,-70.2763087
45.14578248,-95.00719591
43.9092188,-103.3775922
43.9726957,-92.4560106
44.4844536,-103.8178055
34.1943217,-77.9294216
45.21510394,-93.37965731
45.2550512,-94.1013814
35.1529394,-90.1769176
43.577676,-96.7193806
47.4763004,-94.878586
43.7015817,-98.0303393
45.1252675,-93.3540847
40.5000667,-74.3472778
38.9687805,-104.7548268
30.2666257,-91.2194174
39.93975495,-83.81134796
37.05746693,-94.5269847