code,count,mean,std,min,25%,50%,75%,max
1007-4,0.0,,,,,,,
10230-1,181.0,57.69060773480663,14.66452144030111,10.0,55.0,60.0,66.0,83.0
10334-1,18.0,60.96666666666667,53.1594604496144,13.0,25.05,38.650000000000006,69.4,188.8
10362-2,0.0,,,,,,,
10368-9,5.0,3.1800000000000006,0.16431676725154976,3.0,3.0,3.3,3.3,3.3
10374-7,0.0,,,,,,,
10378-8,0.0,,,,,,,
10380-4,0.0,,,,,,,
10381-2,0.0,,,,,,,
10451-3,1.0,12.5,,12.5,12.5,12.5,12.5,12.5
10466-1,1324.0,12.507552870090635,3.0793148995214885,4.0,11.0,12.0,14.0,30.0
10501-5,19.0,9.328421052631578,11.29684383807063,0.2,1.75,4.3,14.9,38.5
10535-3,24.0,0.875,0.638101804607602,0.3,0.475,0.75,1.025,3.2
10634-4,1.0,102.0,,102.0,102.0,102.0,102.0,102.0
10834-0,375.0,20.938933333333335,12.78093830224988,2.0,3.1,26.0,30.0,43.0
10839-9,193.0,7.425357512953367,33.88593260840419,0.01,0.02,0.06,0.51,316.5
10886-0,2.0,0.81,0.26870057685088805,0.62,0.715,0.81,0.905,1.0
10900-9,0.0,,,,,,,
10976-9,0.0,,,,,,,
10998-3,0.0,,,,,,,
11011-4,2.0,9311103.5,4870999.107405431,5866787.0,7588945.25,9311103.5,11033261.75,12755420.0
11031-2,1.0,19.0,,19.0,19.0,19.0,19.0,19.0
11038-7,2.0,2.0,0.5656854249492379,1.6,1.8,2.0,2.2,2.4
11040-3,1.0,14.3,,14.3,14.3,14.3,14.3,14.3
11054-4,9.0,3.6333333333333337,1.8887826767524103,1.2,2.0,3.4,4.4,6.8
11064-3,7.0,16.571428571428573,5.94017796751194,10.0,12.5,17.0,18.0,28.0
11090-8,9.0,3.4444444444444446,2.6034165586355513,2.0,2.0,2.0,4.0,10.0
11259-9,0.0,,,,,,,
11268-0,0.0,,,,,,,
11274-8,0.0,,,,,,,
11282-1,7.0,100.0,0.0,100.0,100.0,100.0,100.0,100.0
11524-6,0.0,,,,,,,
11555-0,282.0,1.0517730496453899,5.583517977197801,-17.0,-2.0,1.0,4.0,17.0
11556-8,289.0,96.66089965397924,84.01754050011112,12.0,43.0,68.0,111.0,485.0
11557-6,286.0,44.26923076923077,12.01056102970686,18.0,36.0,42.0,54.0,79.0
11558-4,289.0,7.383979238754325,0.0794670589386756,7.05,7.34,7.39,7.44,7.62
11559-2,190.0,93.16315789473684,5.264406841509,72.0,91.0,95.0,97.0,99.0
11562-6,1.0,15.0,,15.0,15.0,15.0,15.0,15.0
11572-5,7.0,72.57142857142857,146.4045276427123,4.0,8.5,17.0,33.5,403.0
11579-0,501.0,3.011367265469062,5.258193659884191,0.023,1.17,2.036,3.191,54.3
11580-8,44.0,2.655545454545455,1.6741196152778117,0.316,1.4725,2.215,3.4175,8.56
11878-6,2.0,1.0,0.0,1.0,1.0,1.0,1.0,1.0
11884-4,11.0,23.636363636363637,11.13797761959259,5.0,17.0,27.0,30.5,40.0
12179-8,1.0,0.6,,0.6,0.6,0.6,0.6,0.6
12183-0,2.0,41.5,23.33452377915607,25.0,33.25,41.5,49.75,58.0
12190-5,5.0,1.46,1.1436782764396638,0.4,0.7,0.8,2.6,2.8
12209-3,6.0,1.0,1.2649110640673518,0.0,0.0,0.5,1.75,3.0
12480-0,2.0,0.8999999999999999,0.7071067811865475,0.4,0.65,0.8999999999999999,1.15,1.4
12515-3,2.0,331.35,142.0577523403774,230.9,281.125,331.35,381.575,431.8
12598-9,0.0,,,,,,,
12841-3,2.0,20.1,2.687005768508881,18.2,19.15,20.1,21.05,22.0
13046-8,157.0,3.627388535031847,4.983030324356601,0.0,1.0,2.0,4.0,32.0
13202-7,0.0,,,,,,,
13203-5,0.0,,,,,,,
13362-9,1.0,24.0,,24.0,24.0,24.0,24.0,24.0
13457-7,685.0,97.58686131386861,35.921252439609525,9.0,70.0,96.0,124.0,218.0
13458-5,310.0,21.63483870967742,10.12352570143539,7.0,14.0,19.0,27.0,61.0
13502-0,4.0,45.25,8.5,41.0,41.0,41.0,45.25,58.0
13503-8,19.0,40.05263157894737,4.129483209670112,23.0,41.0,41.0,41.0,41.0
13655-6,0.0,,,,,,,
13945-1,466.0,32.73605150214592,276.5852550293393,0.0,1.0,2.0,6.0,5009.0
13950-1,0.0,,,,,,,
13951-9,0.0,,,,,,,
13952-7,0.0,,,,,,,
13953-5,0.0,,,,,,,
13954-3,0.0,,,,,,,
13955-0,0.0,,,,,,,
13964-2,3.0,0.4366666666666667,0.10503967504392488,0.33,0.385,0.44,0.49,0.54
13965-9,6.0,8.333333333333334,3.0572318634128273,3.9,6.5,9.05,9.649999999999999,12.5
13967-5,7.0,46.75714285714285,25.593349210478955,5.0,31.2,56.8,62.599999999999994,77.9
13969-1,42.0,1.4404761904761905,0.951778700403214,0.5,0.8250000000000001,1.25,1.6,5.6
13978-2,45.0,4.464444444444444,1.3049130161807643,2.5,3.5,4.4,5.1,9.1
13980-8,45.0,46.34222222222221,6.30769691757938,26.7,42.7,47.6,51.6,56.4
13981-6,45.0,18.864444444444448,4.660235828774975,10.5,14.4,19.9,22.9,27.2
13982-4,45.0,16.09333333333333,3.3348299670434343,9.7,13.2,16.4,18.4,24.1
13983-2,45.0,14.235555555555553,9.4762179729419,4.6,7.0,11.5,18.6,49.1
13990-7,23.0,7.778260869565218,5.042632476444235,0.2,4.9,6.7,9.65,20.2
13992-3,23.0,57.38695652173914,25.270973365932306,14.7,31.75,60.8,75.44999999999999,100.0
13993-1,23.0,9.082608695652175,7.103050060227844,0.6,5.1,5.9,11.0,28.8
13994-9,23.0,14.113043478260868,7.019278928767678,1.0,9.6,12.7,16.6,31.8
13995-6,21.0,14.523809523809524,15.910496684953136,1.5,3.2,5.8,16.6,50.6
14062-4,1.0,360.0,,360.0,360.0,360.0,360.0,360.0
14117-6,6.0,1755.7116666666664,2148.2069925444025,0.58,1.8125,905.955,3445.0,4730.0
14118-4,1.0,2.8,,2.8,2.8,2.8,2.8,2.8
14135-8,2.0,381.5,3.5355339059327378,379.0,380.25,381.5,382.75,384.0
14196-0,2.0,52840.0,22797.122625454293,36720.0,44780.0,52840.0,60900.0,68960.0
14235-6,1.0,0.0,,0.0,0.0,0.0,0.0,0.0
14246-3,1.0,36.0,,36.0,36.0,36.0,36.0,36.0
14251-3,4.0,1.6500000000000001,0.5446711546122731,0.9,1.425,1.8,2.025,2.1
14267-9,0.0,,,,,,,
14273-7,0.0,,,,,,,
14286-9,3.0,32.0,10.0,22.0,27.0,32.0,37.0,42.0
14288-5,1.0,38.0,,38.0,38.0,38.0,38.0,38.0
14310-7,0.0,,,,,,,
14314-9,0.0,,,,,,,
14316-4,0.0,,,,,,,
14334-7,27.0,0.8407407407407407,0.31040824143903845,0.3,0.6499999999999999,0.8,1.0,1.5
14338-8,3.0,24.166666666666668,3.8188130791298667,20.0,22.5,25.0,26.25,27.5
14627-4,67.0,24.69402985074627,6.791658890429047,9.0,19.5,25.0,30.0,37.0
14628-2,4.0,4.5,1.9148542155126762,3.0,3.0,4.0,5.5,7.0
14749-6,343.0,113.77842565597668,39.81239486201121,70.0,92.0,101.0,121.0,371.0
14775-1,1.0,35.0,,35.0,35.0,35.0,35.0,35.0
14803-1,9.0,327.1111111111111,296.557095870443,77.0,87.0,226.0,474.0,795.0
14804-9,84.0,267.67857142857144,81.14811101206338,139.0,193.25,274.0,306.25,528.0
14836-1,20.0,31.21550000000001,59.92052740922763,0.07,0.2475,0.7050000000000001,47.697500000000005,213.62
14875-9,2.0,59.5,0.7071067811865476,59.0,59.25,59.5,59.75,60.0
14957-5,41.0,33.96341463414634,48.73842814503542,0.2,2.3,8.6,49.3,193.0
14959-1,13.0,79.15384615384616,260.223950394606,1.7,2.7,3.5,14.9,944.9
14979-9,1234.0,38.90218800648299,22.480417793687394,19.4,28.3,32.1,37.975,229.4
15013-6,3.0,53.0,13.228756555322953,43.0,45.5,48.0,58.0,68.0
15014-4,3.0,8.666666666666666,7.571877794400365,0.0,6.0,12.0,13.0,14.0
15015-1,3.0,38.0,17.776388834631177,18.0,31.0,44.0,48.0,52.0
15016-9,3.0,0.0,0.0,0.0,0.0,0.0,0.0,0.0
1504-0,2.0,104.5,28.991378028648448,84.0,94.25,104.5,114.75,125.0
15061-5,3.0,12.333333333333334,4.725815626252608,7.0,10.5,14.0,15.0,16.0
15067-2,20.0,11.473000000000003,17.010034221321437,2.25,3.59,5.199999999999999,7.725,72.3
15069-8,5.0,353.6,74.4264737845345,280.0,292.0,339.0,401.0,456.0
1507-3,8.0,110.25,31.675813215403686,71.0,91.5,110.5,123.75,167.0
15087-0,1.0,3.1,,3.1,3.1,3.1,3.1,3.1
1518-0,9.0,95.77777777777777,28.8261069942586,64.0,72.0,93.0,102.0,156.0
15359-3,1.0,0.9,,0.9,0.9,0.9,0.9,0.9
15400-5,0.0,,,,,,,
15432-8,3.0,1.2,0.17320508075688776,1.0,1.15,1.3,1.3,1.3
15530-9,0.0,,,,,,,
15579-6,0.0,,,,,,,
1558-6,112.0,107.75,48.2774451655399,63.0,83.0,94.0,101.25,295.0
15609-1,0.0,,,,,,,
15680-2,0.0,,,,,,,
15685-1,0.0,,,,,,,
15875-8,0.0,,,,,,,
15924-4,0.0,,,,,,,
15948-3,0.0,,,,,,,
15975-6,0.0,,,,,,,
16054-9,0.0,,,,,,,
16128-1,0.0,,,,,,,
16130-7,0.0,,,,,,,
16131-5,0.0,,,,,,,
16182-8,1.0,0.0,,0.0,0.0,0.0,0.0,0.0
16291-7,0.0,,,,,,,
16362-6,10.0,36.6,16.8206222635589,21.0,25.5,33.0,36.5,73.0
16478-0,0.0,,,,,,,
16482-2,1.0,2.9,,2.9,2.9,2.9,2.9,2.9
1649-3,22.0,51.027272727272724,21.441641324394517,18.0,42.400000000000006,45.4,57.5,130.0
16616-5,7.0,42.714285714285715,19.146055169967223,24.0,28.5,36.0,55.0,72.0
1668-3,4.0,169.75,159.86530788969404,31.0,46.75,138.5,261.5,371.0
16715-5,5.0,53.0,42.017853348308975,18.0,21.0,47.0,57.0,122.0
16915-1,1.0,78.0,,78.0,78.0,78.0,78.0,78.0
17146-2,3.0,15.0,12.0,3.0,9.0,15.0,21.0,27.0
17284-1,0.0,,,,,,,
17351-8,0.0,,,,,,,
1742-6,1289.0,41.691311093871214,84.93193759607264,3.1,14.0,21.0,37.0,1309.0
1743-4,1.0,61.0,,61.0,61.0,61.0,61.0,61.0
17433-4,30.0,5.65,0.5276819836436232,5.0,5.0,6.0,6.0,7.0
1744-2,647.0,53.106646058732615,128.9473915419885,5.0,13.0,19.0,33.0,1411.0
1746-7,6.0,20.349999999999998,10.7676831305532,12.0,13.25,14.35,29.175,34.4
1747-5,4.0,2.25,0.5567764362830021,1.5,2.0250000000000004,2.35,2.575,2.8
1751-7,648.0,4.246913580246914,1.5199720504835441,2.4,4.0,4.2,4.5,41.3
1754-1,12.0,30.049999999999997,26.667907168116376,0.5,11.725000000000001,26.75,39.8,76.5
1759-0,581.0,1.4328227194492256,0.34007091233148884,0.68,1.19,1.46,1.67,3.0
17606-5,92.0,154.41304347826087,137.41644031831245,0.0,50.0,120.0,244.0,600.0
1761-6,9.0,7.433333333333334,2.3194827009486403,4.3,6.2,7.4,8.5,10.9
1763-2,2.0,9.0,4.242640687119285,6.0,7.5,9.0,10.5,12.0
17656-0,0.0,,,,,,,
1777-2,1.0,84.0,,84.0,84.0,84.0,84.0,84.0
17780-8,0.0,,,,,,,
1779-8,1.0,59.0,,59.0,59.0,59.0,59.0,59.0
17811-1,4.0,3.25,6.5,0.0,0.0,0.0,3.25,13.0
17813-7,4.0,9.825,12.577327485068784,0.0,0.0,6.5,16.325,26.3
17815-2,4.0,12.525,14.483410049662568,0.0,0.0,12.05,24.575000000000003,26.0
17817-8,4.0,10.575,12.247006436948855,0.0,0.0,10.0,20.575,22.3
17819-4,4.0,64.05,41.51798806943002,27.2,28.55,64.5,100.0,100.0
1783-0,58.0,112.41379310344827,80.23890522480812,44.0,71.25,84.5,122.75,472.0
17842-6,4.0,10.35,3.4161381705077445,7.0,8.725000000000001,9.65,11.275,15.1
17849-1,46.0,3.081521739130434,2.2340098153482817,0.4,1.6,2.2,3.9,9.8
17856-6,9.0,5.788888888888888,0.8880377869838147,5.0,5.5,5.6,5.8,8.0
17861-6,3932.0,9.001144455747712,0.8271353269779137,4.9,8.6,9.1,9.5,17.4
17862-4,6.0,8.549999999999999,2.572741728195817,5.5,6.275,9.0,10.450000000000001,11.5
17864-0,2.0,5.75,0.21213203435596475,5.6,5.675,5.75,5.825,5.9
1795-4,8.0,21746.0,61083.82258129281,8.0,24.25,77.5,343.5,172920.0
1798-8,148.0,77.42567567567568,99.39764784691609,15.0,47.0,62.0,76.0,1158.0
18182-6,529.0,287.67674858223063,9.058493002087399,244.0,281.0,289.0,295.0,308.0
18185-9,2.0,18.5,4.384062043356596,15.4,16.95,18.5,20.05,21.6
1823-4,6.0,11.416666666666666,6.904901640622166,6.9,7.4,9.2,10.775,25.1
1825-9,1.0,145.0,,145.0,145.0,145.0,145.0,145.0
18262-6,8.0,80.875,36.79843746682731,46.0,58.0,62.5,97.5,138.0
18282-4,0.0,,,,,,,
18309-5,92.0,7.465217391304347,14.129210913958458,0.9,1.0,1.4,4.625,60.0
18311-1,0.0,,,,,,,
18319-4,0.0,,,,,,,
1834-1,6.0,34.64666666666667,38.51026183586222,2.8,11.5,20.4,41.959999999999994,106.6
1835-8,2.0,225.0,145.6639969244288,122.0,173.5,225.0,276.5,328.0
18481-2,0.0,,,,,,,
18488-7,2.0,6.949999999999999,1.2020815280171309,6.1,6.5249999999999995,6.949999999999999,7.375,7.8
1854-9,1.0,0.912,,0.912,0.912,0.912,0.912,0.912
1863-0,342.0,16.433625730994155,2.6102905446610953,6.8,14.8,16.4,18.2,26.9
1869-7,2.0,62.605,85.41142809952308,2.21,32.4075,62.605,92.8025,123.0
1874-7,1.0,0.32,,0.32,0.32,0.32,0.32,0.32
1884-6,1.0,71.0,,71.0,71.0,71.0,71.0,71.0
1887-9,0.0,,,,,,,
18886-2,1.0,0.5,,0.5,0.5,0.5,0.5,0.5
18964-7,2.0,0.09,0.042426406871192854,0.06,0.075,0.09,0.105,0.12
19000-9,2.0,0.5,0.0,0.5,0.5,0.5,0.5,0.5
19048-8,92.0,0.0,0.0,0.0,0.0,0.0,0.0,0.0
19074-4,3.0,9.666666666666666,4.725815626252608,6.0,7.0,8.0,11.5,15.0
19080-1,20.0,35463.2,96147.2167496009,1.0,1.75,49.0,3909.25,331500.0
19113-0,12.0,295.7583333333333,276.57612615807255,17.1,76.925,139.0,566.75,720.0
19123-9,2087.0,2.0115476760900814,0.3716665204183961,0.7,1.8,2.0,2.2,8.4
19153-6,4.0,11955.8375,22218.973007446246,1.35,900.3375,1275.0,12330.5,45272.0
19161-9,306.0,0.5699346405228759,0.823991482314743,0.2,0.2,0.2,0.2,4.0
1920-8,1888.0,40.83474576271186,95.60227307000365,4.0,17.0,22.0,32.0,1950.0
19218-7,1.0,15.0,,15.0,15.0,15.0,15.0,15.0
1922-4,80.0,4.9875,4.408891332842093,0.0,1.675,3.9499999999999997,7.1499999999999995,18.8
19235-1,26.0,1.5038461538461538,0.9136654833059064,0.1,0.8250000000000001,1.4,1.8499999999999999,3.5
19237-7,4.0,2.25,3.2015621187164243,0.0,0.75,1.0,2.5,7.0
1924-0,13.0,6.63076923076923,4.138515155500544,0.4,3.8,6.8,9.4,13.2
1925-7,47.0,3.082978723404255,4.983682903450635,-12.4,1.05,2.8,4.95,15.1
19255-9,148.0,177.4635135135135,114.07833574737569,45.0,87.5,137.0,249.0,508.0
19258-3,13.0,46.53846153846154,23.418708278551517,18.0,36.0,39.0,48.0,116.0
19261-7,0.0,,,,,,,
1927-3,3.0,2.9333333333333336,2.6633312473917576,0.0,1.8,3.6,4.4,5.2
19270-8,0.0,,,,,,,
19289-8,0.0,,,,,,,
19295-5,0.0,,,,,,,
19415-9,0.0,,,,,,,
19429-0,0.0,,,,,,,
1952-1,11.0,2.5636363636363635,1.0830168302226215,1.87,2.02,2.2,2.6500000000000004,5.7
1953-9,3.0,6825.0,1337.704376908441,5474.0,6163.0,6852.0,7500.5,8149.0
1954-7,1.0,3.0,,3.0,3.0,3.0,3.0,3.0
19550-3,0.0,,,,,,,
19554-5,0.0,,,,,,,
1959-6,408.0,24.995098039215687,5.597909006794407,10.0,22.0,25.0,28.0,42.0
1960-4,170.0,25.90882352941176,6.232809145989524,10.9,22.05,25.0,28.0,48.0
1963-8,2868.0,25.130753138075313,4.260278306615162,6.0,23.0,25.0,27.0,47.0
19642-8,0.0,,,,,,,
19659-2,0.0,,,,,,,
1968-7,835.0,0.269688622754491,0.5426234336054251,0.0,0.1,0.1,0.2,5.2
1971-1,213.0,0.41497652582159633,0.26517638205033855,0.0,0.3,0.4,0.5,2.0
1975-2,1798.0,0.5783314794215795,0.5340144133610882,-0.2,0.3,0.5,0.6,6.4
19803-6,0.0,,,,,,,
19852-3,153.0,1320.6274509803923,503.682725458891,6.0,1000.0,1250.0,1500.0,2500.0
1986-9,5.0,2.1000000000000005,1.3946325680981353,0.4,1.4,1.9,2.7,4.1
19869-7,2.0,58.17,78.95554318728989,2.34,30.255,58.17,86.08500000000001,114.0
19870-5,1.0,2.66,,2.66,2.66,2.66,2.66,2.66
1988-5,150.0,47.315999999999995,68.49092339806394,0.1,3.1,11.649999999999999,68.75,308.0
1989-3,54.0,33.97222222222222,18.361705604447604,9.0,20.25,29.0,40.349999999999994,78.0
1990-1,9.0,33.22222222222222,8.012143561147942,20.0,29.0,36.0,40.0,40.0
19925-7,2.0,51.93,72.22388663039396,0.86,26.395,51.93,77.465,103.0
19926-5,1.0,0.89,,0.89,0.89,0.89,0.89,0.89
1994-3,2.0,1.1,0.07071067811865465,1.05,1.075,1.1,1.125,1.15
19991-9,2.0,24.78,34.25225248067636,0.56,12.67,24.78,36.89,49.0
19994-3,310.0,53.87741935483871,24.100070628982692,21.0,40.0,40.0,60.0,100.0
2003,10.0,250.6,620.2533890811615,10.0,48.0,66.5,69.25,2015.0
20077-4,271.0,5.428044280442805,2.394706247715322,0.0,5.0,5.0,6.0,16.0
20079-0,33.0,10.0,0.0,10.0,10.0,10.0,10.0,10.0
20081-6,0.0,,,,,,,
20112-9,173.0,164.41098265895954,249.2779812631541,0.45,0.45,0.55,450.0,650.0
20116-0,57.0,486.140350877193,113.40090680484174,58.0,435.0,492.0,542.0,760.0
20124-4,0.0,,,,,,,
20149-1,1.0,2.04,,2.04,2.04,2.04,2.04,2.04
20150-9,13.0,44.65538461538461,154.84530412723666,0.08,0.8,2.07,2.5,560.0
20152-5,1.0,116.0,,116.0,116.0,116.0,116.0,116.0
2019-8,143.0,46.583216783216784,17.65207958069237,19.2,36.0,41.0,50.5,147.0
2020-6,1.0,29.0,,29.0,29.0,29.0,29.0,29.0
2021-4,51.0,47.71568627450981,11.991236342413066,21.0,38.5,49.0,52.5,89.0
2026-3,3.0,16.233333333333334,5.139390365922142,11.5,13.5,15.5,18.6,21.7
2027-1,15.0,22.446666666666665,4.56302948656242,15.0,19.0,22.7,25.5,32.0
2028-9,1021.0,26.324191968658177,3.3198293805635672,14.0,24.0,26.0,28.0,45.0
2039-6,15.0,30.306666666666665,89.08509949694702,0.7,1.4,2.1,3.05,348.2
20404-0,0.0,,,,,,,
20405-7,101.0,0.30297029702970296,0.2692416927389049,0.2,0.2,0.2,0.2,1.0
20408-1,0.0,,,,,,,
20433-9,2.0,8.3,4.808326112068523,4.9,6.6,8.3,10.0,11.7
20436-2,16.0,118.3125,41.63927432925154,62.0,92.25,109.0,146.0,203.0
20437-0,6.0,105.5,20.15688467993008,83.0,95.0,97.0,120.75,133.0
20438-8,23.0,145.1304347826087,44.62704474340245,58.0,124.0,145.0,172.5,210.0
20439-6,1.0,135.0,,135.0,135.0,135.0,135.0,135.0
20448-7,7.0,11.628571428571428,5.568277497190158,3.8,7.5,14.0,14.3,20.0
20449-5,0.0,,,,,,,
20453-7,0.0,,,,,,,
20454-5,0.0,,,,,,,
20468-5,1.0,10.0,,10.0,10.0,10.0,10.0,10.0
20495-8,7.0,4.428571428571429,1.9023794624226837,2.0,3.0,4.0,6.0,7.0
20496-6,8.0,3.625,1.8468119248354136,2.0,3.0,3.0,3.25,8.0
20502-1,0.0,,,,,,,
20507-0,0.0,,,,,,,
20509-6,36.0,12.247222222222224,2.601261903781219,5.4,10.8,12.95,13.9,18.4
20563-3,4.0,1.4500000000000002,1.5110702608857516,0.3,0.45,0.95,1.95,3.6
20565-8,11.0,24.545454545454547,3.6156226673599763,17.0,23.5,25.0,26.0,31.0
20569-0,2.0,3.05,0.07071067811865482,3.0,3.025,3.05,3.075,3.1
20570-8,179.0,38.37988826815643,6.806254393118902,16.0,34.65,39.8,43.150000000000006,54.0
20572-4,11.0,95.4090909090909,5.046474917297133,80.6,95.95,97.3,97.6,97.8
20578-1,82.0,12.060975609756099,8.241130752115989,2.6,6.225,9.8,16.675,42.9
20592-2,1.0,280.0,,280.0,280.0,280.0,280.0,280.0
20593-0,1.0,16.0,,16.0,16.0,16.0,16.0,16.0
20598-9,1.0,1274.0,,1274.0,1274.0,1274.0,1274.0,1274.0
20599-7,1.0,75.0,,75.0,75.0,75.0,75.0,75.0
20605-2,1.0,771.0,,771.0,771.0,771.0,771.0,771.0
20606-0,1.0,45.0,,45.0,45.0,45.0,45.0,45.0
20613-6,1.0,419.0,,419.0,419.0,419.0,419.0,419.0
20614-4,1.0,25.0,,25.0,25.0,25.0,25.0,25.0
20620-1,1.0,7.0,,7.0,7.0,7.0,7.0,7.0
20629-2,2.0,1.0,0.0,1.0,1.0,1.0,1.0,1.0
20633-4,1.0,2.0,,2.0,2.0,2.0,2.0,2.0
20634-2,2.0,17.5,17.67766952966369,5.0,11.25,17.5,23.75,30.0
20635-9,1.0,1.0,,1.0,1.0,1.0,1.0,1.0
20636-7,2.0,400.0,121.62236636408618,314.0,357.0,400.0,443.0,486.0
20637-5,2.0,98.0,31.11269837220809,76.0,87.0,98.0,109.0,120.0
20638-3,2.0,47.0,2.8284271247461903,45.0,46.0,47.0,48.0,49.0
20639-1,1.0,2.0,,2.0,2.0,2.0,2.0,2.0
2064-4,7.0,26.385714285714283,9.5799145040424,14.0,20.5,24.7,32.5,40.0
20640-9,2.0,28.0,7.0710678118654755,23.0,25.5,28.0,30.5,33.0
20642-5,2.0,52.0,7.0710678118654755,47.0,49.5,52.0,54.5,57.0
20643-3,2.0,563.0,107.48023074035522,487.0,525.0,563.0,601.0,639.0
20644-1,2.0,236.5,33.23401871576773,213.0,224.75,236.5,248.25,260.0
20645-8,2.0,76.0,7.0710678118654755,71.0,73.5,76.0,78.5,81.0
20647-4,2.0,20.0,12.727922061357855,11.0,15.5,20.0,24.5,29.0
20648-2,2.0,79.5,7.7781745930520225,74.0,76.75,79.5,82.25,85.0
20649-0,2.0,131.0,16.97056274847714,119.0,125.0,131.0,137.0,143.0
20650-8,2.0,158.0,55.154328932550705,119.0,138.5,158.0,177.5,197.0
20651-6,2.0,26.5,3.5355339059327378,24.0,25.25,26.5,27.75,29.0
20652-4,2.0,66.0,2.8284271247461903,64.0,65.0,66.0,67.0,68.0
20655-7,2.0,278.0,86.2670273047588,217.0,247.5,278.0,308.5,339.0
20656-5,2.0,98.5,2.1213203435596424,97.0,97.75,98.5,99.25,100.0
20657-3,2.0,36.5,14.849242404917497,26.0,31.25,36.5,41.75,47.0
20658-1,2.0,109.0,14.142135623730951,99.0,104.0,109.0,114.0,119.0
20659-9,2.0,63.5,3.5355339059327378,61.0,62.25,63.5,64.75,66.0
20660-7,2.0,62.5,7.7781745930520225,57.0,59.75,62.5,65.25,68.0
20661-5,1.0,197.0,,197.0,197.0,197.0,197.0,197.0
2069-3,298.0,103.31208053691275,3.8881571505228543,88.0,102.0,104.0,106.0,118.0
2075-0,3893.0,102.78705368610326,5.246700806112755,20.0,100.0,103.0,105.0,130.0
2077-6,14.0,12.857142857142858,4.503966505838413,7.0,10.25,12.0,14.0,22.0
2078-4,67.0,89.67164179104478,47.60996459862015,21.0,51.5,89.0,110.5,200.0
2085-9,713.0,54.09256661991585,17.865677446498108,9.0,43.0,50.0,63.0,121.0
2089-1,33.0,78.54545454545455,34.7113912400264,31.0,54.0,72.0,100.0,192.0
2091-7,265.0,25.852075471698114,16.444327722248385,4.0,14.0,21.0,33.0,92.0
2093-3,825.0,171.93212121212122,44.66537122736688,32.0,140.0,170.0,206.0,336.0
2095-8,38.0,4.336842105263157,1.5555343311790097,2.2,2.925,3.85,5.55,8.1
21000-5,317.0,14.122082018927443,1.855410686623427,11.8,13.0,13.5,14.6,22.0
2106-3,0.0,,,,,,,
21089-8,0.0,,,,,,,
2112-1,0.0,,,,,,,
2118-8,0.0,,,,,,,
21190-4,0.0,,,,,,,
21198-7,8.0,12620.5996125,27155.731133637513,2.0,26.75,78.0,6197.625,76595.2969
21262-1,0.0,,,,,,,
2132-9,220.0,806.9181818181818,1207.8484674063452,150.0,418.75,550.0,764.75,15080.0
2141-0,1.0,7.0,,7.0,7.0,7.0,7.0,7.0
21414-8,0.0,,,,,,,
21416-3,0.0,,,,,,,
2143-6,25.0,16.4004,11.613412317948013,1.7,8.4,14.3,19.4,46.3
21441-1,0.0,,,,,,,
2145-1,1.0,0.5,,0.5,0.5,0.5,0.5,0.5
21482-5,1.0,14.1,,14.1,14.1,14.1,14.1,14.1
21518-6,0.0,,,,,,,
21556-6,0.0,,,,,,,
2157-6,209.0,280.9952153110048,660.9994435701694,5.0,59.0,105.0,251.0,5652.0
2160-0,3801.0,1.0870060510392001,1.0932878381600328,0.1,0.61,0.81,1.1,18.0
2161-8,183.0,207.6277595628415,396.93253700454557,3.5,57.725,99.0,145.72,2719.0
21613-5,0.0,,,,,,,
2162-6,3.0,995.2133333333333,864.9479617487593,1.64,702.82,1404.0,1492.0,1580.0
2164-2,7.0,159.28571428571428,38.80598873762607,98.0,140.5,162.0,180.0,214.0
21654-9,0.0,,,,,,,
21668-9,0.0,,,,,,,
21759-6,0.0,,,,,,,
2191-5,6.0,303.31666666666666,182.60263324132723,76.9,170.75,309.5,452.0,500.0
2193-1,1.0,422.0,,422.0,422.0,422.0,422.0,422.0
22131-7,0.0,,,,,,,
22322-2,0.0,,,,,,,
2236-8,5.0,12.6,8.763560920082657,6.0,6.0,8.0,17.0,26.0
2243-4,10.0,102.92,92.02884571939629,10.2,39.5,83.0,133.5,305.0
22483-2,4.0,0.6975,0.48044250436446617,0.18,0.4875,0.635,0.8450000000000001,1.34
22488-1,0.0,,,,,,,
22496-4,0.0,,,,,,,
22600-1,0.0,,,,,,,
22672-0,1.0,25.0,,25.0,25.0,25.0,25.0,25.0
2270-7,0.0,,,,,,,
2276-4,136.0,601.9919110294118,3052.000238291483,1.3,23.75,67.25,321.05,35083.0
2283-0,1.0,985.0,,985.0,985.0,985.0,985.0,985.0
2284-8,107.0,13.107476635514017,5.003276302708196,4.7,9.350000000000001,11.9,15.35,31.4
2324-2,71.0,73.3943661971831,144.75136109631376,10.0,18.0,32.0,67.0,1105.0
2334-1,0.0,,,,,,,
2335-8,0.0,,,,,,,
2336-6,207.0,3.258454106280193,0.6864241991188607,1.7,2.7,3.3,3.8,4.7
2339-0,1129.0,155.18689105403013,71.77092181429826,37.0,104.0,141.0,187.0,788.0
2340-8,739.0,168.2489851150203,67.23094713771073,32.0,120.0,157.0,201.0,496.0
2341-6,1329.0,176.68096313017307,80.77083792627539,31.0,115.0,157.0,225.0,574.0
2342-4,47.0,54.276595744680854,11.851806187170054,18.0,46.0,55.0,62.0,77.0
2344-0,7.0,126.42857142857143,105.71480051354705,22.0,87.0,96.0,119.5,354.0
2345-7,3491.0,128.67888857061013,62.85671392470287,34.0,94.0,108.0,142.0,1123.0
2349-9,0.0,,,,,,,
2350-7,2.0,175.0,106.06601717798213,100.0,137.5,175.0,212.5,250.0
2357-2,2.0,13.899999999999999,3.2526911934581184,11.6,12.75,13.899999999999999,15.049999999999999,16.2
23761-0,1.0,68.0,,68.0,68.0,68.0,68.0,68.0
23826-1,0.0,,,,,,,
23979-8,2.0,49.5,12.020815280171307,41.0,45.25,49.5,53.75,58.0
24042-4,0.0,,,,,,,
24108-3,5.0,248.28000000000003,359.4875408133083,11.0,35.0,96.4,225.0,874.0
24111-7,0.0,,,,,,,
24113-3,0.0,,,,,,,
24124-0,0.0,,,,,,,
24312-1,0.0,,,,,,,
24321-2,19.0,16.736842105263158,4.942357796112633,10.0,13.0,15.0,18.5,28.0
24351-9,11.0,2.4363636363636365,0.6874194167649431,1.8,1.95,2.2,2.9000000000000004,3.7
24467-3,15.0,601.9333333333333,151.16616527453994,281.0,504.5,644.0,692.0,863.0
24471-5,4.0,145.5,55.29617226053415,100.0,101.5,133.5,177.5,215.0
24558-9,5.0,14563570.4,351747.1465076867,14217862.0,14259359.0,14545710.0,14724890.0,15070031.0
2458-8,110.0,147.28181818181818,99.94210542624594,43.0,76.25,109.5,193.0,547.0
24597-7,1.0,14594820.0,,14594820.0,14594820.0,14594820.0,14594820.0,14594820.0
24616-5,2.0,14853240.5,98353.60351558046,14783694.0,14818467.25,14853240.5,14888013.75,14922787.0
2462-0,4.0,45.5,14.888474289418197,31.0,34.0,44.5,56.0,62.0
2464-6,3.0,9.633333333333333,5.118919156749141,4.0,7.45,10.9,12.45,14.0
2465-3,91.0,745.2087912087912,373.7880717579449,182.0,474.0,765.0,998.0,2010.0
2466-1,2.0,170.81,232.1997248060385,6.62,88.715,170.81,252.905,335.0
2467-9,2.0,76.845,106.28522028014996,1.69,39.2675,76.845,114.4225,152.0
24677-7,1.0,14442053.0,,14442053.0,14442053.0,14442053.0,14442053.0,14442053.0
2468-7,2.0,9.26,12.360226535140852,0.52,4.890000000000001,9.26,13.629999999999999,18.0
2469-5,2.0,4.605,6.215468606629753,0.21,2.4074999999999998,4.605,6.8025,9.0
2472-9,79.0,469.0379746835443,825.470672933187,13.0,30.0,65.0,121.0,2320.0
24726-2,1.0,14948033.0,,14948033.0,14948033.0,14948033.0,14948033.0,14948033.0
2483-6,3.0,6.333333333333333,1.069267662156363,5.1,6.0,6.9,6.95,7.0
2484-4,5.0,223.8,218.38314953310845,42.0,48.0,148.0,324.0,557.0
24869-0,2.0,14652971.5,101422.44694593007,14581255.0,14617113.25,14652971.5,14688829.75,14724688.0
24972-2,1.0,14520552.0,,14520552.0,14520552.0,14520552.0,14520552.0,14520552.0
2498-4,153.0,65.09803921568627,38.518581419246004,9.0,37.0,59.0,81.0,219.0
2500-7,142.0,290.7535211267606,83.08648716377328,79.0,237.25,298.0,347.75,531.0
2501-5,7.0,195.42857142857142,84.0155881227945,93.0,129.5,198.0,249.0,320.0
2502-3,74.0,22.40810810810811,11.189595910741675,6.0,14.0,20.0,29.0,66.0
25083-7,1.0,1.0,,1.0,1.0,1.0,1.0,1.0
25088-6,2.0,29.5,27.577164466275352,10.0,19.75,29.5,39.25,49.0
25089-4,1.0,1.0,,1.0,1.0,1.0,1.0,1.0
25099-3,1.0,5.0,,5.0,5.0,5.0,5.0,5.0
25112-4,1.0,22.0,,22.0,22.0,22.0,22.0,22.0
25116-5,1.0,1.0,,1.0,1.0,1.0,1.0,1.0
2513-0,0.0,,,,,,,
25132-2,1.0,9.0,,9.0,9.0,9.0,9.0,9.0
25135-5,1.0,1.0,,1.0,1.0,1.0,1.0,1.0
25136-3,1.0,16.0,,16.0,16.0,16.0,16.0,16.0
2514-8,0.0,,,,,,,
25145-4,0.0,,,,,,,
25162-9,0.0,,,,,,,
2524-7,309.0,2.5517799352750807,2.2182767391996028,0.6,1.2,1.7,3.0,17.4
25296-5,1.0,0.46,,0.46,0.46,0.46,0.46,0.46
2532-0,140.0,313.74285714285713,310.58851937230185,74.0,206.5,272.0,311.25,2580.0
25418-5,4.0,73.25,38.864250925497075,30.7,58.825,68.65,83.07499999999999,125.0
25428-4,0.0,,,,,,,
25684-2,1.0,433.1,,433.1,433.1,433.1,433.1,433.1
2571-8,749.0,121.85981308411215,77.92345311877754,21.0,73.0,105.0,147.0,1019.0
25788-1,2.0,218.0,165.46298679765212,101.0,159.5,218.0,276.5,335.0
25987-9,4.0,5.0875,1.9439714504076442,2.64,3.9675000000000002,5.505,6.625,6.7
26028-1,0.0,,,,,,,
26043-0,0.0,,,,,,,
2614-6,3.0,0.9,0.36055512754639896,0.6,0.7,0.8,1.05,1.3
26175-0,6.0,14359297.333333334,145838.2939541829,14180780.0,14255216.0,14360752.0,14429950.5,14580446.0
26214-7,6.0,14650111.0,301581.20150168514,14239866.0,14441180.75,14671130.0,14867958.5,15020441.0
26215-4,3.0,14664111.0,131018.46544666901,14583683.0,14588519.0,14593355.0,14704325.0,14815295.0
26216-2,2.0,14701878.0,183409.3569041667,14572188.0,14637033.0,14701878.0,14766723.0,14831568.0
26293-1,1.0,14489647.0,,14489647.0,14489647.0,14489647.0,14489647.0,14489647.0
26347-5,4.0,14613034.25,44269.46726864917,14584640.0,14591558.75,14594202.5,14615678.0,14679092.0
26348-3,1.0,14686344.0,,14686344.0,14686344.0,14686344.0,14686344.0,14686344.0
2638-5,1.0,3.41,,3.41,3.41,3.41,3.41,3.41
2641-9,1.0,35.0,,35.0,35.0,35.0,35.0,35.0
26444-0,344.0,0.04081395348837209,0.08911898053181433,0.0,0.0,0.0,0.04,0.57
26446-5,24.0,22.07916666666667,8.42016106252372,8.0,17.375,22.0,27.549999999999997,37.0
26449-9,397.0,3.625264483627204,31.095884609373435,0.0,0.0,0.09,0.23,370.0
26450-7,411.0,1.9189781021897812,2.3492354598593943,0.0,0.0,1.0,3.0,19.0
26453-1,116.0,4.364827586206896,0.8548027819924015,1.75,3.8825000000000003,4.545,5.0024999999999995,5.91
26455-6,47.0,2.5232978723404256,11.281177370552461,0.001,0.0265,0.1,0.375,76.0
26464-8,45.0,9.627555555555556,4.1997944514396695,4.69,6.14,9.13,11.09,24.77
26474-7,473.0,24.174122621564482,207.3439045518098,0.0,0.58,1.22,2.54,2376.0
26478-8,512.0,21.48203125,18.180853495661967,0.0,7.0,17.0,31.0,97.0
26484-6,497.0,1.9292957746478874,22.449275387648623,0.0,0.23,0.44,0.89,500.0
26485-3,500.0,7.4942,6.866040444300159,0.0,3.0,6.0,9.6,53.0
26490-3,10.0,125182.4,118730.11288745019,4656.0,17299.25,91680.0,217428.0,325733.0
26493-7,56.0,90.46428571428571,21.091975454457284,7.0,92.0,100.0,100.0,100.0
26498-6,71.0,1.7028169014084509,1.0213397127562986,0.9,1.0,1.0,2.0,5.0
26499-4,249.0,4.495100401606426,2.554035407914086,0.0,2.9,3.7,5.2,19.2
26505-8,448.0,61.57767857142857,24.902891343847546,1.0,44.0,68.0,81.1,99.0
26507-4,271.0,0.7922878228782289,1.6801013875378843,0.0,0.0,0.15,0.785,16.13
26508-2,368.0,5.077717391304348,7.375997098367045,0.0,1.0,2.0,6.075,63.0
26513-2,1.0,3.0,,3.0,3.0,3.0,3.0,3.0
26515-7,104.0,256.125,64.52570609898675,114.0,223.5,248.0,289.0,468.0
26524-9,3.0,1.6666666666666667,1.1547005383792517,1.0,1.0,1.0,2.0,3.0
26561-1,1.0,124.0,,124.0,124.0,124.0,124.0,124.0
26600-7,1.0,2.0,,2.0,2.0,2.0,2.0,2.0
26604-9,1.0,2.0,,2.0,2.0,2.0,2.0,2.0
26608-0,1.0,8.0,,8.0,8.0,8.0,8.0,8.0
26613-0,1.0,1.0,,1.0,1.0,1.0,1.0,1.0
26746-8,2.0,5.0,0.4242640687119283,4.7,4.85,5.0,5.15,5.3
2692-2,59.0,304.79661016949154,26.356821835654742,259.0,284.5,304.0,323.5,377.0
2695-5,66.0,378.4848484848485,198.65263400637053,96.0,233.5,354.0,504.25,980.0
26971-2,0.0,,,,,,,
2703-7,143.0,123.1951048951049,91.37103458856474,11.0,66.5,89.0,156.0,483.0
2705-2,51.0,40.699999999999996,16.06878962461081,16.0,35.0,40.0,44.5,115.0
27071-0,1.0,1.7,,1.7,1.7,1.7,1.7,1.7
27118-9,1.0,1.92,,1.92,1.92,1.92,1.92,1.92
2714-4,121.0,93.71900826446281,5.448582599318633,61.0,92.0,95.0,97.0,99.0
2716-9,36.0,71.61111111111111,8.929174582802082,46.0,68.0,73.0,76.25,87.0
2731-8,37.0,109.04054054054055,213.3979387324424,1.6,27.7,46.6,66.0,1222.0
27353-2,103.0,136.26116504854366,43.86945927923986,82.5,111.2,119.8,142.7,297.7
27395-3,1.0,0.96,,0.96,0.96,0.96,0.96,0.96
2742-5,15.0,38.2,27.610039581903642,5.0,20.5,29.0,57.0,103.0
2744-1,143.0,7.378111888111888,0.10091099863944429,6.9,7.33,7.39,7.445,7.54
2746-6,50.0,7.340440000000001,0.1175840402886899,6.76,7.2875,7.37,7.416,7.46
2748-2,1.0,7.9,,7.9,7.9,7.9,7.9,7.9
2750-8,1.0,7.48,,7.48,7.48,7.48,7.48,7.48
2756-5,7.0,6.285714285714286,1.2535663410560174,5.0,5.5,6.0,7.0,8.0
2777-1,1751.0,3.460022844089092,0.9657511063818924,0.7,2.9,3.4,3.9,8.8
2778-9,1.0,62.6,,62.6,62.6,62.6,62.6,62.6
27811-9,2.0,95.5,2.1213203435596424,94.0,94.75,95.5,96.25,97.0
27816-8,2.0,265.0,197.9898987322333,125.0,195.0,265.0,335.0,405.0
27818-4,2.0,117.5,33.23401871576773,94.0,105.75,117.5,129.25,141.0
27822-6,2.0,131.0,28.284271247461902,111.0,121.0,131.0,141.0,151.0
27948-9,2.0,3.6950000000000003,4.999244942988891,0.16,1.9275,3.6950000000000003,5.4625,7.23
27949-7,2.0,2.4,0.14142135623730964,2.3,2.3499999999999996,2.4,2.45,2.5
27994-3,0.0,,,,,,,
2823-3,3892.0,4.136279547790339,0.5052582230645046,2.2,3.8,4.1,4.4,6.8
2828-2,88.0,32.86136363636364,22.699189472684335,2.3,16.875,27.0,39.875,120.0
2839-9,3.0,3.5,2.5,1.0,2.25,3.5,4.75,6.0
2842-3,16.0,11.85,9.824119977551847,3.4,6.05,7.5,13.825,39.4
28539-5,115.0,29.21304347826086,2.1219207510017086,20.7,28.0,29.4,30.55,35.3
28540-3,115.0,32.59391304347826,1.3629358762973962,28.2,31.9,32.5,33.4,36.2
28541-1,87.0,1.7942528735632186,1.165926752041211,0.9,1.0,1.0,2.0,6.0
28542-9,112.0,10.250892857142857,0.7552811702105686,8.9,9.6,10.2,10.7,12.7
28544-5,1.0,8.0,,8.0,8.0,8.0,8.0,8.0
2857-1,125.0,2.191464,5.728646401150918,0.01,0.5,1.16,2.0,62.3
2862-1,50.0,4.06,6.6564990491876985,1.8,2.6,3.1500000000000004,3.8,49.9
28637-7,4.0,5.574999999999999,3.52550232827418,1.4,3.35,5.9,8.125,9.1
28638-5,1.0,0.6,,0.6,0.6,0.6,0.6,0.6
28639-3,1.0,0.2,,0.2,0.2,0.2,0.2,0.2
28640-1,3.0,23.666666666666668,2.886751345948129,22.0,22.0,22.0,24.5,27.0
28641-9,5.0,22.6,3.507135583350036,19.0,21.0,21.0,24.0,28.0
28644-3,3.0,65.0,14.730919862656235,56.0,56.5,57.0,69.5,82.0
28645-0,5.0,53.4,15.868207208125309,38.0,42.0,46.0,70.0,71.0
28646-8,3.0,7.176666666666667,0.12662279942148388,7.04,7.12,7.2,7.245,7.29
28647-6,5.0,7.254,0.10922453936730527,7.09,7.21,7.27,7.34,7.36
28648-4,1.0,17.0,,17.0,17.0,17.0,17.0,17.0
28649-2,2.0,27.0,2.8284271247461903,25.0,26.0,27.0,28.0,29.0
2865-4,68.0,0.27308823529411763,0.22319429560557588,0.17,0.2,0.2,0.3,2.0
2868-8,68.0,1.0304411764705883,0.6484411475695244,0.5,0.8,1.0,1.1,6.0
2871-2,58.0,1.1356896551724138,1.3277670373620298,0.7,0.9,0.9,1.0,11.0
2874-6,72.0,1.3745833333333333,2.2507788558066912,0.2,0.475,0.9,1.3,14.7
2880-3,47.0,105.77446808510638,109.37085787055595,6.7,33.3,70.2,114.30000000000001,486.9
2881-1,8.0,2.875,1.188937100342751,0.3,2.625,3.1,3.725,3.9
2885-2,1909.0,6.757150340492404,0.963276123372569,3.1,6.3,6.9,7.4,10.3
2888-6,64.0,64.6171875,107.87228126344672,5.4,15.375,24.85,71.1,547.2
2889-4,23.0,36.54804347826087,80.20270206028441,0.113,0.7165,3.643,7.4795,262.0
2890-2,13.0,651.9542307692308,1049.5678439523854,0.073,2.323,79.0,588.0,3044.0
2900-9,1.0,11.3,,11.3,11.3,11.3,11.3,11.3
2905-8,1.0,0.93,,0.93,0.93,0.93,0.93,0.93
29142-7,1.0,152.0,,152.0,152.0,152.0,152.0,152.0
2915-7,1.0,1.03,,1.03,1.03,1.03,1.03,1.03
2923-1,6.0,5.1433333333333335,11.688664024030574,0.04,0.38,0.45999999999999996,0.525,29.0
29252-4,4.0,14696239.75,229197.28827420712,14362759.0,14644708.75,14773513.0,14825044.0,14875174.0
29253-2,3.0,1.0233333333333332,0.20840665376454115,0.84,0.9099999999999999,0.98,1.115,1.25
29254-0,2.0,2.0,0.0,2.0,2.0,2.0,2.0,2.0
29257-3,0.0,,,,,,,
29374-6,10.0,3.7299999999999995,2.5377373999512067,0.3,3.0,3.0,4.0,10.0
2947-0,478.0,137.80334728033472,7.22584382345097,13.0,136.0,139.0,141.0,154.0
29497-5,0.0,,,,,,,
29507-1,1.0,4.0,,4.0,4.0,4.0,4.0,4.0
29509-7,1.0,18.0,,18.0,18.0,18.0,18.0,18.0
2951-2,3913.0,139.09276769741885,4.633702372879453,121.0,137.0,139.0,141.0,166.0
29519-6,1.0,1.0,,1.0,1.0,1.0,1.0,1.0
29535-2,1.0,2.55,,2.55,2.55,2.55,2.55,2.55
29536-0,1.0,0.0,,0.0,0.0,0.0,0.0,0.0
2955-3,97.0,104.10309278350516,76.15670310507835,5.0,46.0,90.0,151.0,321.0
29610-3,0.0,,,,,,,
2963-7,1.0,0.2,,0.2,0.2,0.2,0.2,0.2
2964-5,1.0,1.023,,1.023,1.023,1.023,1.023,1.023
29644-2,0.0,,,,,,,
2965-2,97.0,1.0183092783505157,0.006348163817104693,1.002,1.014,1.019,1.023,1.038
29723-4,0.0,,,,,,,
29771-3,0.0,,,,,,,
29859-6,1.0,1.0,,1.0,1.0,1.0,1.0,1.0
2986-8,19.0,217.91578947368419,167.29246932362994,10.0,54.5,272.0,343.5,484.6
29893-5,0.0,,,,,,,
29898-4,0.0,,,,,,,
29908-1,0.0,,,,,,,
29909-9,0.0,,,,,,,
2991-8,5.0,30.619999999999997,24.556709877343096,2.2,6.1,43.0,47.2,54.6
29910-7,0.0,,,,,,,
29953-7,14.0,328.57142857142856,664.1924783913535,40.0,40.0,80.0,280.0,2560.0
2998-3,3.0,140.0,22.60530911091463,115.0,130.5,146.0,152.5,159.0
29990-9,0.0,,,,,,,
29994-1,0.0,,,,,,,
29996-6,5.0,0.21999999999999997,0.19235384061671346,0.0,0.1,0.2,0.3,0.5
30000-4,2.0,1478.8,1841.5889009222444,176.6,827.7,1478.8,2129.9,2781.0
30039-2,0.0,,,,,,,
30083-0,11.0,149.14363636363635,123.49686888927405,0.0,10.42,164.0,265.0,302.0
3013-0,11.0,11.281818181818181,32.536374050647325,0.3,0.4,0.6,0.85,109.0
30153-1,1.0,0.52,,0.52,0.52,0.52,0.52,0.52
3016-3,175.0,3.8972400000000005,7.388481927631856,0.09,1.3900000000000001,2.09,3.5,71.29
30167-1,0.0,,,,,,,
30180-4,368.0,0.40597826086956523,0.646783801304319,0.0,0.0,0.0,0.9,4.0
30190-3,2.0,0.005,0.007071067811865475,0.0,0.0025,0.005,0.0075,0.01
30191-1,2.0,5.645,0.44547727214752486,5.33,5.4875,5.645,5.8025,5.96
30211-7,2.0,24.0,0.0,24.0,24.0,24.0,24.0,24.0
3023-9,14.0,22.924285714285713,16.983187937706884,0.92,1.0175,34.5,35.0,37.0
30233-1,2.0,0.015,0.007071067811865475,0.01,0.0125,0.015,0.0175,0.02
30234-9,2.0,0.0,0.0,0.0,0.0,0.0,0.0,0.0
30235-6,2.0,0.005,0.007071067811865475,0.0,0.0025,0.005,0.0075,0.01
30237-2,2.0,0.005,0.007071067811865475,0.0,0.0025,0.005,0.0075,0.01
30238-0,2.0,0.005,0.007071067811865475,0.0,0.0025,0.005,0.0075,0.01
30239-8,1.0,61.0,,61.0,61.0,61.0,61.0,61.0
3024-7,190.0,1.2023684210526315,0.3191990158128725,0.4,1.0,1.17,1.385,2.14
30242-2,3.0,5.666666666666667,0.945163125250522,4.6,5.3,6.0,6.2,6.4
30243-0,44.0,10648.15909090909,23464.501251339254,1.0,1.0,4.0,7873.25,104330.0
3026-2,185.0,7.756756756756757,2.241037771607617,3.8,6.6,7.4,8.3,18.5
30312-3,2.0,0.0,0.0,0.0,0.0,0.0,0.0,0.0
30313-1,59.0,11.481355932203389,2.12695950841532,8.0,10.0,11.9,12.0,21.0
30317-2,2.0,7.6499999999999995,2.192031021678297,6.1,6.875,7.6499999999999995,8.424999999999999,9.2
30327-1,2.0,0.07500000000000001,0.007071067811865472,0.07,0.07250000000000001,0.07500000000000001,0.0775,0.08
30328-9,2.0,0.08,0.0,0.08,0.08,0.08,0.08,0.08
30331-3,2.0,0.04,0.014142135623730954,0.03,0.035,0.04,0.045,0.05
30332-1,2.0,0.025,0.007071067811865474,0.02,0.0225,0.025,0.0275,0.03
30339-6,0.0,,,,,,,
3034-6,73.0,207.34246575342465,72.70454272412766,63.0,143.0,205.0,259.0,395.0
30341-2,36.0,35.22222222222222,26.749751519391843,5.0,15.0,26.0,51.0,112.0
30349-5,2.0,0.03,0.0,0.03,0.03,0.03,0.03,0.03
30350-3,10.0,10.0,5.206833117271103,2.0,6.5,9.0,13.75,19.0
30356-0,2.0,0.060000000000000005,0.014142135623730954,0.05,0.05500000000000001,0.060000000000000005,0.065,0.07
30357-8,2.0,0.015,0.007071067811865475,0.01,0.0125,0.015,0.0175,0.02
30358-6,2.0,0.04,0.014142135623730954,0.03,0.035,0.04,0.045,0.05
30361-0,0.0,,,,,,,
30385-9,115.0,14.301739130434783,2.0328004453581667,11.2,12.9,13.9,15.2,20.8
30392-5,4.0,0.0,0.0,0.0,0.0,0.0,0.0,0.0
3040-3,316.0,97.17088607594937,462.45880047179935,3.0,21.0,30.0,54.25,6015.0
30427-9,1.0,70.0,,70.0,70.0,70.0,70.0,70.0
30428-7,115.0,89.69478260869563,6.38863908685966,66.9,85.55000000000001,89.2,94.35,105.1
30451-9,440.0,9.260477272727274,8.848683646587588,0.01,2.325,6.75,14.24,71.52
30471-7,6.0,27.666666666666668,28.640297950033037,7.0,9.75,14.0,35.5,80.0
3050-2,48.0,13.423124999999999,14.753992486168444,0.57,0.9475,1.11,28.549999999999997,39.3
3051-0,5.0,61.188,129.58720507827923,2.9,3.04,3.3,3.7,293.0
30522-7,25.0,35.2428,50.30315509654108,0.23,1.5,7.15,45.4,180.0
3053-6,48.0,103.98062499999999,44.01464139406196,1.0,70.75,103.0,136.25,213.0
30531-8,2.0,0.14,0.07071067811865477,0.09,0.11499999999999999,0.14,0.165,0.19
30534-2,2.0,0.05500000000000001,0.02121320343559643,0.04,0.0475,0.05500000000000001,0.0625,0.07
30540-9,2.0,0.09,0.0,0.09,0.09,0.09,0.09,0.09
30541-7,2.0,0.445,0.007071067811865481,0.44,0.4425,0.445,0.4475,0.45
30542-5,2.0,0.09,0.028284271247461894,0.07,0.08,0.09,0.1,0.11
30551-6,2.0,0.625,0.30405591591021547,0.41,0.5175,0.625,0.7324999999999999,0.84
30560-7,2.0,0.025,0.007071067811865474,0.02,0.0225,0.025,0.0275,0.03
30562-3,2.0,63.0,0.0,63.0,63.0,63.0,63.0,63.0
30564-9,2.0,0.02,0.0,0.02,0.02,0.02,0.02,0.02
30565-6,2.0,0.025,0.007071067811865474,0.02,0.0225,0.025,0.0275,0.03
30566-4,2.0,0.04,0.0,0.04,0.04,0.04,0.04,0.04
30592-0,3.0,14909045.666666666,48919.0075158249,14853905.0,14889952.5,14926000.0,14936616.0,14947232.0
30615-9,2.0,14960522.5,29406.449709204953,14939729.0,14950125.75,14960522.5,14970919.25,14981316.0
30620-9,2.0,14611711.5,522698.28240056423,14242108.0,14426909.75,14611711.5,14796513.25,14981315.0
30657-1,2.0,14788469.0,6751.455546769156,14783695.0,14786082.0,14788469.0,14790856.0,14793243.0
30667-0,1.0,14662216.0,,14662216.0,14662216.0,14662216.0,14662216.0,14662216.0
30679-5,4.0,14358285.5,209582.42077919288,14234333.0,14235309.5,14264430.0,14387406.0,14669949.0
30704-1,4.0,14704097.5,302753.5623456807,14283442.0,14583332.5,14799684.0,14920449.0,14933580.0
30794-2,3.0,14712119.0,141756.87324077095,14592774.0,14633773.5,14674773.0,14771791.5,14868810.0
30799-1,13.0,14868729.615384616,180423.08365272003,14484335.0,14837976.0,14930901.0,14981679.0,15066113.0
30802-3,4.0,14746049.5,372440.7716496678,14217861.0,14631456.0,14850111.5,14964705.0,15066114.0
3084-1,93.0,5.834408602150536,3.6143582815973416,2.2,3.5,4.8,6.7,19.5
3093-2,3.0,56.666666666666664,35.23256069793016,16.0,46.0,76.0,77.0,78.0
30934-4,43.0,848.8860465116279,2570.7742725250796,11.2,31.5,104.0,279.0,14012.0
3094-0,3916.0,21.4708886618999,17.768970624785343,2.0,12.0,16.0,23.0,174.0
3095-7,26.0,265.53846153846155,312.9887193838437,5.0,14.0,95.0,488.0,1024.0
3097-3,675.0,21.19037037037037,7.397327631927376,4.0,16.0,20.0,25.0,54.0
31017-7,12.0,1.0,0.0,1.0,1.0,1.0,1.0,1.0
31112-6,14.0,5.171428571428571,2.6145829411292265,1.0,3.55,4.75,6.275,10.7
31147-2,2.0,3.0,1.4142135623730951,2.0,2.5,3.0,3.5,4.0
3118-7,1.0,233.0,,233.0,233.0,233.0,233.0,233.0
31201-7,0.0,,,,,,,
3128-6,9.0,2.033333333333333,0.10000000000000009,1.9,2.0,2.0,2.0,2.2
31418-7,0.0,,,,,,,
31444-3,0.0,,,,,,,
3150-0,1308.0,44.2898623853211,29.965915865805496,0.21,30.0,40.0,60.0,100.0
3151-8,2430.0,5.036131687242798,9.144525223067351,0.0,2.0,2.0,3.0,45.0
3154-2,5.0,127.8,167.42968673446174,8.0,25.0,88.0,99.0,419.0
31585-3,0.0,,,,,,,
3160-9,3.0,2.3666666666666667,1.4571661996262928,0.7,1.85,3.0,3.2,3.4
3167-4,28.0,2.3724999999999996,0.993622720709984,1.075,1.7125,2.3,2.6437500000000003,5.125
3173-2,72.0,37.33888888888888,21.43630299449948,23.4,30.75,32.900000000000006,37.275000000000006,199.6
3187-2,3.0,93.0,21.166010488516726,77.0,81.0,85.0,101.0,117.0
3193-0,1.0,106.0,,106.0,106.0,106.0,106.0,106.0
31967-3,0.0,,,,,,,
3198-9,5.0,40.2,13.809417076763234,23.0,30.0,45.0,45.0,58.0
32016-8,20.0,195.65,44.374334687377214,127.0,163.25,194.0,223.5,304.0
32030-9,0.0,,,,,,,
32031-7,2.0,1.5,0.7071067811865476,1.0,1.25,1.5,1.75,2.0
32032-5,2.0,5.0,1.4142135623730951,4.0,4.5,5.0,5.5,6.0
32033-3,1.0,11.0,,11.0,11.0,11.0,11.0,11.0
3209-4,6.0,174.0,100.39521900967198,93.0,108.25,120.5,248.25,315.0
32146-3,0.0,,,,,,,
3218-5,3.0,60.666666666666664,14.189197769195175,48.0,53.0,58.0,67.0,76.0
32215-6,101.0,3.9873267326732678,2.4249399543448944,1.5,2.3,2.7,5.9,12.7
32220-6,1.0,1.0,,1.0,1.0,1.0,1.0,1.0
3226-8,3.0,119.0,13.114877048604,107.0,112.0,117.0,125.0,133.0
3232-6,1.0,48.0,,48.0,48.0,48.0,48.0,48.0
32354-3,2.0,28.5,0.7071067811865476,28.0,28.25,28.5,28.75,29.0
32356-8,0.0,,,,,,,
32358-4,0.0,,,,,,,
3243-3,2.0,19.85,5.444722215136416,16.0,17.925,19.85,21.775,23.7
32434-3,0.0,,,,,,,
32546-4,3.0,13.800000000000002,2.457641145488902,12.0,12.4,12.8,14.700000000000001,16.6
3255-7,35.0,449.1714285714286,187.58111746722292,60.0,332.5,451.0,536.5,969.0
32554-8,2.0,43.800000000000004,60.9526045382804,0.7,22.25,43.800000000000004,65.35000000000001,86.9
32623-1,3813.0,9.10899554156832,1.5237522593179476,5.1,7.9,9.1,10.3,14.4
32624-9,0.0,,,,,,,
32628-0,0.0,,,,,,,
32637-1,0.0,,,,,,,
32667-8,0.0,,,,,,,
32673-6,103.0,16.155339805825243,38.111229697427326,0.0,1.0,3.0,5.0,244.0
32677-7,17.0,6.823529411764706,5.865527407207802,1.0,4.0,6.0,7.0,27.0
32682-7,7.0,2.6142857142857143,5.300134769176022,0.0,0.0,0.7,1.55,14.5
32683-5,1.0,0.0,,0.0,0.0,0.0,0.0,0.0
32693-4,39.0,1.3715384615384614,1.0359143900350942,0.4,0.7,1.0,1.5,4.56
32705-6,0.0,,,,,,,
3271-4,2.0,0.36,0.4808326112068523,0.02,0.18999999999999997,0.36,0.53,0.7
32730-4,10.0,0.44000000000000006,0.08432740427115677,0.3,0.4,0.4,0.5,0.6
32731-2,10.0,0.32999999999999996,0.04830458915396481,0.3,0.3,0.3,0.375,0.4
32763-5,0.0,,,,,,,
32765-0,0.0,,,,,,,
32766-8,0.0,,,,,,,
32771-8,150.0,41.75666666666667,9.062456047876138,23.0,36.0,40.0,46.0,77.0
32775-9,1.0,1.45,,1.45,1.45,1.45,1.45,1.45
3289-6,1.0,49.0,,49.0,49.0,49.0,49.0,49.0
3298-7,3.0,46.0,37.72267222772003,15.0,25.0,35.0,61.5,88.0
32998-7,4.0,1.5,0.5773502691896257,1.0,1.0,1.5,2.0,2.0
32999-5,0.0,,,,,,,
33000-1,0.0,,,,,,,
33001-9,0.0,,,,,,,
33033-2,10.0,268092.5,273358.6166270926,34649.0,60997.0,151237.5,362695.5,817397.0
33037-3,187.0,9.540641711229947,4.0671719607161645,2.0,7.0,9.0,11.649999999999999,28.1
33051-4,0.0,,,,,,,
33193-4,8.0,91.0,17.67160757502594,52.0,93.5,100.0,100.0,100.0
33234-6,0.0,,,,,,,
33254-4,150.0,7.370099999999999,0.08515573967736995,7.07,7.32,7.38,7.43,7.54
33256-9,3368.0,10.464961401425178,25.060631672293688,0.03,5.9,8.03,11.1825,1164.0
33341-9,2.0,13.5,6.363961030678928,9.0,11.25,13.5,15.75,18.0
33358-3,2.0,1.25,1.2020815280171309,0.4,0.8250000000000001,1.25,1.675,2.1
33390-6,0.0,,,,,,,
33393-0,2.0,2.5,2.1213203435596424,1.0,1.75,2.5,3.25,4.0
3349-8,0.0,,,,,,,
33569-5,1.0,0.7,,0.7,0.7,0.7,0.7,0.7
33571-1,2.0,1111.5,1014.6982310026957,394.0,752.75,1111.5,1470.25,1829.0
33647-9,2.0,13.7,10.182337649086284,6.5,10.1,13.7,17.299999999999997,20.9
3376-1,0.0,,,,,,,
33762-6,77.0,2853.7415584415585,5895.061901182759,15.0,253.0,1157.0,2326.0,42294.0
3377-9,0.0,,,,,,,
3389-4,0.0,,,,,,,
3390-2,0.0,,,,,,,
33914-3,1645.0,79.65276510638299,36.99504892032151,5.2738,59.0385,80.3921,101.2978,282.302
3393-6,0.0,,,,,,,
33935-8,2.0,37.5,51.61879502661797,1.0,19.25,37.5,55.75,74.0
33944-0,46.0,52.06782608695652,112.7429672783391,3.28,8.6475,11.399999999999999,28.425,565.0
33959-8,11.0,0.5063636363636365,0.9061266216955856,0.04,0.06,0.08,0.245,2.33
3414-0,0.0,,,,,,,
34148-7,1.0,1.15,,1.15,1.15,1.15,1.15,1.15
34202-2,1.0,6.0,,6.0,6.0,6.0,6.0,6.0
3422-3,7.0,14.671428571428573,7.207800007795788,3.6,10.95,15.6,18.45,24.7
3432-2,7.0,8.457142857142857,2.943839410733961,4.8,6.95,8.1,9.2,14.0
34366-5,1.0,0.1,,0.1,0.1,0.1,0.1,0.1
34468-9,0.0,,,,,,,
34487-9,0.0,,,,,,,
34535-5,2.0,11.2,10.889444430272832,3.5,7.35,11.2,15.049999999999999,18.9
34571-0,2.0,35.5,4.949747468305833,32.0,33.75,35.5,37.25,39.0
34645-2,0.0,,,,,,,
34660-1,2.0,2.25,0.21213203435596414,2.1,2.175,2.25,2.325,2.4
34661-9,3.0,7.0,2.6457513110645907,4.0,6.0,8.0,8.5,9.0
34714-6,48.0,1.1416666666666668,0.2864554722616632,0.9,1.0,1.1,1.2,2.4
34999-3,38.0,54.931578947368415,8.17524626501238,25.6,51.45,54.8,59.150000000000006,73.9
3520-4,28.0,185.35714285714286,172.89693232197385,45.0,79.5,117.0,172.0,624.0
35275-7,0.0,,,,,,,
35282-3,0.0,,,,,,,
3530-3,1.0,18.0,,18.0,18.0,18.0,18.0,18.0
35365-6,93.0,29.344086021505376,12.966926677928765,6.0,20.0,29.0,37.0,76.0
35383-9,1.0,0.04,,0.04,0.04,0.04,0.04,0.04
35384-7,1.0,38.0,,38.0,38.0,38.0,38.0,38.0
35414-2,1.0,1.027,,1.027,1.027,1.027,1.027,1.027
35492-8,0.0,,,,,,,
35655-0,2.0,1.45,1.5273506473629426,0.37,0.9099999999999999,1.45,1.9899999999999998,2.53
35656-8,2.0,0.0,0.0,0.0,0.0,0.0,0.0,0.0
35663-4,1.0,49.0,,49.0,49.0,49.0,49.0,49.0
35668-3,8.0,3.4,3.3521847886330574,0.6,0.9750000000000001,1.95,5.25,10.0
35669-1,7.0,10.442857142857141,9.142548357880885,0.7,4.35,9.6,13.2,27.7
35707-9,2.0,0.0,0.0,0.0,0.0,0.0,0.0,0.0
36266-5,1.0,14926105.0,,14926105.0,14926105.0,14926105.0,14926105.0,14926105.0
36589-0,22.0,14726908.0,263299.4932682806,14259243.0,14502371.75,14752650.0,14933566.0,15100602.0
36643-5,24.0,14594752.916666666,261448.8587698935,14184701.0,14422262.0,14580850.0,14793841.0,15065768.0
36813-4,2.0,14956271.5,27351.597403076845,14936931.0,14946601.25,14956271.5,14965941.75,14975612.0
36916-5,46.0,18.801956521739132,29.897257742665982,0.49,6.465,10.95,23.7,192.0
36952-0,4.0,14508586.0,270996.668969688,14216025.0,14313302.25,14517295.5,14712579.25,14783728.0
3773-9,0.0,,,,,,,
38023-8,2.0,14631865.0,66787.6496966318,14584639.0,14608252.0,14631865.0,14655478.0,14679091.0
38025-3,1.0,14686343.0,,14686343.0,14686343.0,14686343.0,14686343.0,14686343.0
38036-0,4.0,14585351.75,293316.37903166946,14319100.0,14414340.25,14513659.5,14684671.0,14994988.0
38173-1,4.0,0.255,0.1322875655532295,0.16,0.1825,0.20500000000000002,0.2775,0.45
38176-4,1.0,0.241,,0.241,0.241,0.241,0.241,0.241
38178-0,1.0,0.013,,0.013,0.013,0.013,0.013,0.013
38180-6,1.0,6.77,,6.77,6.77,6.77,6.77,6.77
38215-0,1408.0,0.484375,1.4311133657154822,0.0,0.0,0.0,0.0,10.0
38221-8,4.0,3.0,3.4641016151377544,0.0,0.0,3.0,6.0,6.0
38224-2,0.0,,,,,,,
38227-5,5515.0,18.716409791477787,2.9959610374436068,9.0,17.0,19.0,21.0,23.0
38230-9,49.0,4.312244897959183,0.3897823394009066,2.7,4.1,4.3,4.6,5.0
38445-3,3.0,109.0,82.27393268830657,21.0,71.5,122.0,153.0,184.0
38483-4,286.0,0.8653846153846154,0.4648610722186119,0.1,0.6,0.8,1.0,3.8
38494-1,1.0,27.0,,27.0,27.0,27.0,27.0,27.0
38518-7,69.0,0.20869565217391306,0.44712780461215895,0.0,0.0,0.0,0.3,2.9
3879-4,0.0,,,,,,,
38917-1,0.0,,,,,,,
39001-3,2.0,0.01,0.01414213562373095,0.0,0.005,0.01,0.015,0.02
39106-0,0.0,,,,,,,
3936-2,0.0,,,,,,,
3948-7,4.0,23.025,3.051092700438102,19.2,21.45,23.299999999999997,24.875,26.3
39486-6,16.0,7.2875,0.08880690663831645,7.04,7.2475000000000005,7.279999999999999,7.3475,7.39
39528-5,0.0,,,,,,,
39534-3,0.0,,,,,,,
3968-5,6.0,10.016666666666666,7.955480291388237,5.2,6.0,6.95,8.725,26.0
3969-3,6.0,0.9666666666666667,0.2658320271650252,0.7,0.725,0.9500000000000001,1.175,1.3
4024-6,2.0,4.3,0.7071067811865476,3.8,4.05,4.3,4.55,4.8
40466-5,0.0,,,,,,,
4049-3,5.0,7.340000000000001,2.2611943746613203,4.7,5.4,7.6,9.1,9.9
40619-9,16.0,46.9375,10.122376203243979,32.0,41.75,44.5,50.25,71.0
4086-5,34.0,59.13235294117647,17.627728167761898,14.2,52.9,60.25,64.875,96.0
40869-0,3.0,0.36666666666666664,0.28867513459481287,0.2,0.2,0.2,0.44999999999999996,0.7
4092-3,7.0,8.514285714285714,2.399603141791417,6.4,6.800000000000001,6.9,10.15,12.4
40973-0,1.0,0.74,,0.74,0.74,0.74,0.74,0.74
40974-8,1.0,9.48,,9.48,9.48,9.48,9.48,9.48
40982-1,0.0,,,,,,,
40988-8,0.0,,,,,,,
40991-2,0.0,,,,,,,
41003-5,0.0,,,,,,,
41005-0,0.0,,,,,,,
41009-2,0.0,,,,,,,
41010-0,0.0,,,,,,,
41103-3,2.0,32.8,7.071067811865473,27.8,30.3,32.8,35.3,37.8
41276-7,2.0,18.0,4.242640687119285,15.0,16.5,18.0,19.5,21.0
41279-1,3.0,0.09666666666666668,0.030550504633038933,0.07,0.08,0.09,0.11,0.13
41399-7,2.0,0.4,0.028284271247461888,0.38,0.39,0.4,0.41,0.42
41476-3,0.0,,,,,,,
41488-8,0.0,,,,,,,
41512-5,0.0,,,,,,,
41653-7,1.0,211.0,,211.0,211.0,211.0,211.0,211.0
41858-2,0.0,,,,,,,
41904-4,0.0,,,,,,,
42132-1,6.0,14561205.666666666,325127.2861263211,14180782.0,14348607.25,14534838.5,14685366.0,15094703.0
42176-8,1.0,0.436,,0.436,0.436,0.436,0.436,0.436
42186-7,6.0,1.0,0.0,1.0,1.0,1.0,1.0,1.0
42242-8,0.0,,,,,,,
42248-5,1.0,0.0,,0.0,0.0,0.0,0.0,0.0
42254-3,0.0,,,,,,,
42274-1,2.0,14600904.0,289309.91109535116,14396331.0,14498617.5,14600904.0,14703190.5,14805477.0
42719-5,58.0,0.7017241379310345,1.2166233656284526,0.2,0.3,0.4,0.6,7.4
42757-5,73.0,0.07534246575342465,0.31313860168631047,0.0,0.0,0.01,0.02,2.17
42938-1,0.0,,,,,,,
42939-9,0.0,,,,,,,
43231-0,1.0,1.2,,1.2,1.2,1.2,1.2,1.2
43304-5,0.0,,,,,,,
43305-2,0.0,,,,,,,
43396-1,114.0,121.00877192982456,41.0629768035054,36.0,91.0,116.0,154.75,221.0
43399-5,0.0,,,,,,,
43403-5,0.0,,,,,,,
43404-3,0.0,,,,,,,
43583-4,1.0,46.0,,46.0,46.0,46.0,46.0,46.0
43810-1,0.0,,,,,,,
43913-3,0.0,,,,,,,
43993-5,31.0,27.870967741935484,6.141345864894605,12.0,24.5,28.0,32.0,41.0
44099-0,0.0,,,,,,,
44250-9,0.0,,,,,,,
44251-7,0.0,,,,,,,
44252-5,0.0,,,,,,,
44253-3,0.0,,,,,,,
44254-1,0.0,,,,,,,
44255-8,0.0,,,,,,,
44258-2,0.0,,,,,,,
44259-0,0.0,,,,,,,
44260-8,0.0,,,,,,,
44261-6,91.0,7.4945054945054945,6.066984655354157,0.0,2.0,7.0,11.0,24.0
44293-9,1.0,0.37,,0.37,0.37,0.37,0.37,0.37
44309-3,1.0,12.22,,12.22,12.22,12.22,12.22,12.22
44446-3,1.0,0.0,,0.0,0.0,0.0,0.0,0.0
44448-9,2.0,1.5,0.7071067811865476,1.0,1.25,1.5,1.75,2.0
44525-4,0.0,,,,,,,
44604-7,0.0,,,,,,,
44706-0,2.0,10.5,3.5355339059327378,8.0,9.25,10.5,11.75,13.0
4477-6,1.0,31.0,,31.0,31.0,31.0,31.0,31.0
4485-9,24.0,114.58333333333333,25.926177247459115,56.0,101.25,107.5,140.25,155.0
44877-9,0.0,,,,,,,
44963-7,0.0,,,,,,,
44966-0,0.0,,,,,,,
44971-0,1.0,6.0,,6.0,6.0,6.0,6.0,6.0
4498-2,20.0,21.65,4.738143096192853,16.0,18.0,21.0,24.0,33.0
4505-4,2.0,171.0,0.0,171.0,171.0,171.0,171.0,171.0
45084-1,0.0,,,,,,,
45155-9,11.0,0.17745454545454545,0.09444931300582725,0.049,0.101,0.173,0.2365,0.351
45194-8,3.0,41371.333333333336,63179.52312524473,3766.0,4900.5,6035.0,60174.0,114313.0
45210-2,0.0,,,,,,,
4532-8,1.0,50.0,,50.0,50.0,50.0,50.0,50.0
45323-3,0.0,,,,,,,
4537-7,155.0,26.941935483870967,30.043526586206063,1.0,7.0,15.0,33.0,138.0
4542-7,2.0,228.5,92.63098833543772,163.0,195.75,228.5,261.25,294.0
4544-3,4443.0,35.152126941255915,6.785734490164289,8.0,30.2,35.6,40.1,58.0
4546-8,13.0,96.62307692307692,0.8012010215439551,94.7,96.3,96.7,96.9,97.9
4548-4,439.0,6.639407744874715,1.6936277604298957,4.5,5.5,6.1,7.25,15.0
4551-8,10.0,2.55,0.2718251071716682,2.2,2.4,2.45,2.7,3.1
4552-6,4.0,2.925,0.4924428900898051,2.2,2.875,3.1,3.15,3.3
4554-2,8.0,3.5875,1.3788582233137676,2.2,2.475,3.05,4.825,5.8
4563-3,9.0,0.0,0.0,0.0,0.0,0.0,0.0,0.0
4576-5,3.0,0.2333333333333333,0.40414518843273806,0.0,0.0,0.0,0.35,0.7
4579-9,0.0,,,,,,,
46082-4,0.0,,,,,,,
46083-2,0.0,,,,,,,
46127-7,37.0,153.35135135135135,113.99577629022933,11.4,68.9,112.0,242.0,416.0
46128-5,6.0,0.8333333333333334,0.752772652709081,0.0,0.25,1.0,1.0,2.0
46130-1,61.0,15.242622950819671,8.13132746473771,2.6,8.1,16.6,20.0,41.3
46133-5,1.0,1.0,,1.0,1.0,1.0,1.0,1.0
46154-1,0.0,,,,,,,
46216-8,2.0,8.614999999999998,0.6010407640085651,8.19,8.4025,8.614999999999998,8.827499999999999,9.04
46217-6,12.0,0.041666666666666664,0.049696045815506996,0.0,0.01,0.03,0.04,0.17
4625-0,9.0,0.0,0.0,0.0,0.0,0.0,0.0,0.0
46383-6,4.0,14761352.0,53340.10959868755,14701683.0,14726338.5,14761515.0,14796528.5,14820695.0
46418-0,1.0,1.3,,1.3,1.3,1.3,1.3,1.3
46419-8,9.0,80.11111111111111,235.45989278667207,1.0,1.0,1.0,3.0,708.0
46702-7,8.0,52.25,91.21520863164369,1.0,4.0,15.5,53.25,271.0
4679-7,2.0,1.7000000000000002,1.2727922061357855,0.8,1.25,1.7000000000000002,2.15,2.6
47000-5,0.0,,,,,,,
47084-9,0.0,,,,,,,
47349-6,1.0,1.54,,1.54,1.54,1.54,1.54,1.54
47382-7,4.0,14805023.0,229411.91165674027,14480012.0,14725565.0,14881745.5,14961203.5,14976589.0
48058-2,30.0,976.3666666666667,2475.622115937636,154.0,201.5,265.0,437.5,10396.0
48065-7,2.0,0.235,0.007071067811865462,0.23,0.2325,0.235,0.2375,0.24
48067-3,10.0,1093.9,1067.6179560123555,147.0,321.75,697.0,1390.75,3314.0
48159-8,25.0,0.20324,0.48714947055977253,0.0,0.02,0.04,0.1,1.8
4821-5,0.0,,,,,,,
48345-3,0.0,,,,,,,
48378-4,44.0,1.0636363636363635,1.2758036061391391,0.0,0.11249999999999999,0.8,1.0375,6.67
48391-7,276.0,26.684782608695652,3.8760692774353585,11.0,25.0,27.0,28.25,52.0
48404-8,6.0,3.0,4.427188724235731,1.0,1.0,1.0,1.75,12.0
48409-7,0.0,,,,,,,
48501-1,0.0,,,,,,,
48505-2,0.0,,,,,,,
48506-0,0.0,,,,,,,
48642-3,767.0,83.47217953063885,27.87179888617891,11.6476,70.0,82.4875,96.09135,198.1688
48643-1,829.0,99.48333992762365,33.62714132323741,14.117,83.2976,98.239,115.0,240.1806
48654-8,1.0,0.8,,0.8,0.8,0.8,0.8,0.8
48703-3,42.0,31.245238095238093,6.2094421563573245,18.7,25.0,32.599999999999994,36.050000000000004,44.3
48766-0,0.0,,,,,,,
48792-6,1.0,0.14,,0.14,0.14,0.14,0.14,0.14
48795-9,1.0,0.56,,0.56,0.56,0.56,0.56,0.56
48813-0,0.0,,,,,,,
49136-5,47.0,0.9595744680851063,0.5302417719543175,0.1,0.55,0.8,1.35,2.1
49220-7,3.0,22.266666666666666,21.733921259941415,4.5,10.15,15.8,31.15,46.5
49316-3,0.0,,,,,,,
49521-8,0.0,,,,,,,
49524-2,0.0,,,,,,,
49533-3,0.0,,,,,,,
49553-1,1.0,18.54,,18.54,18.54,18.54,18.54,18.54
49605-9,1.0,7.11,,7.11,7.11,7.11,7.11,7.11
49755-2,0.0,,,,,,,
49891-5,0.0,,,,,,,
49896-4,0.0,,,,,,,
4991-6,0.0,,,,,,,
5000-5,0.0,,,,,,,
50064-5,43.0,140.1860465116279,8.275770181259462,122.0,137.0,146.0,146.0,154.0
5014-6,0.0,,,,,,,
50212-0,1.0,97.0,,97.0,97.0,97.0,97.0,97.0
50385-4,0.0,,,,,,,
5048-4,1.0,320.0,,320.0,320.0,320.0,320.0,320.0
50551-1,0.0,,,,,,,
50555-2,0.0,,,,,,,
50557-8,10.0,21.5,10.287532908007309,10.0,15.0,20.0,20.0,40.0
50558-6,0.0,,,,,,,
50560-2,148.0,5.902027027027027,0.8261433713423294,5.0,5.0,6.0,6.0,9.0
50561-0,23.0,37.391304347826086,25.444662112897586,10.0,30.0,30.0,30.0,100.0
50562-8,716.0,1.0165293296089386,0.010140301376068656,1.002,1.009,1.015,1.02125,1.112
50563-6,23.0,0.7043478260869565,0.8042377875804718,0.2,0.2,0.2,1.5,2.0
5060-9,4.0,0.5049999999999999,0.1470827431527347,0.36,0.4425,0.475,0.5375,0.71
50672-5,0.0,,,,,,,
5076-5,2.0,1.5,0.7071067811865476,1.0,1.25,1.5,1.75,2.0
50969-5,7.0,26.427142857142854,29.024932221732925,1.21,2.54,14.3,45.4,73.6
51006-5,0.0,,,,,,,
5116-9,1.0,2.77,,2.77,2.77,2.77,2.77,2.77
5124-3,1.0,1.6,,1.6,1.6,1.6,1.6,1.6
5126-8,3.0,10.786666666666667,10.953379995842987,0.36,5.08,9.8,16.0,22.2
5130-0,3.0,2.0,1.7320508075688772,1.0,1.0,1.0,2.5,4.0
5131-8,0.0,,,,,,,
51435-6,2.0,1.05,1.0606601717798212,0.3,0.675,1.05,1.425,1.8
51487-7,2.0,2.0,0.0,2.0,2.0,2.0,2.0,2.0
5157-3,13.0,111.57076923076922,108.67385698053437,0.68,14.08,91.2,175.0,379.0
5158-1,1.0,26.0,,26.0,26.0,26.0,26.0,26.0
51584-1,143.0,1.6555944055944058,11.698825186134851,0.0,0.0,0.01,0.06,130.0
5159-9,3.0,1.9633333333333336,2.275551215273638,0.27,0.67,1.07,2.81,4.55
51660-9,0.0,,,,,,,
51755-7,1.0,2.0,,2.0,2.0,2.0,2.0,2.0
5176-3,2.0,0.275,0.021213203435596406,0.26,0.2675,0.275,0.2825,0.29
51760-7,0.0,,,,,,,
51914-0,0.0,,,,,,,
51924-9,12.0,23.333333333333332,7.784989441615229,20.0,20.0,20.0,20.0,40.0
5193-8,4.0,104.675,110.210204457966,17.7,50.175,67.5,122.0,266.0
5195-3,0.0,,,,,,,
5196-1,0.0,,,,,,,
5198-7,2.0,0.09,0.0,0.09,0.09,0.09,0.09,0.09
5206-8,4.0,3.095,4.702839567750531,0.13,0.535,1.075,3.635,10.1
5209-2,2.0,0.75,0.6646803743153546,0.28,0.515,0.75,0.985,1.22
5213-4,0.0,,,,,,,
5221-7,0.0,,,,,,,
5244-9,10.0,40.629000000000005,34.357285641718946,1.56,7.5075,46.15,55.85,107.0
5256-3,1.0,0.05,,0.05,0.05,0.05,0.05,0.05
5273-8,17.0,3.338823529411765,2.710583153015558,0.07,0.2,3.3,5.2,7.55
5274-6,13.0,0.13538461538461538,0.04789143705914183,0.09,0.1,0.1,0.2,0.2
5290-2,0.0,,,,,,,
5292-8,0.0,,,,,,,
53115-2,823.0,0.099453219927096,1.2550540424909808,0.0,0.02,0.03,0.05,30.0
53326-5,131.0,1.017412213740458,0.00795938751896404,1.0,1.0125,1.018,1.023,1.048
53328-1,10.0,85.0,41.16363011742823,50.0,50.0,75.0,100.0,150.0
5334-8,21.0,28.404761904761905,42.96464926181146,1.0,4.13,5.4,18.0,132.0
53622-7,1.0,36.0,,36.0,36.0,36.0,36.0,36.0
5370-2,2.0,286.0,343.6538956566621,43.0,164.5,286.0,407.5,529.0
53813-2,2.0,66.0,8.48528137423857,60.0,63.0,66.0,69.0,72.0
53814-0,5.0,492.8,110.74836341905916,391.0,395.0,469.0,562.0,647.0
5388-4,2.0,0.0,0.0,0.0,0.0,0.0,0.0,0.0
5393-4,0.0,,,,,,,
53935-3,1.0,0.7,,0.7,0.7,0.7,0.7,0.7
53948-6,0.0,,,,,,,
53962-7,10.0,5.369999999999999,3.3186509976863254,1.3,3.1,5.8,5.975,13.1
5403-1,18.0,584.6294444444444,667.0331587090106,0.3,51.877500000000005,309.5,840.75,2506.0
54067-4,0.0,,,,,,,
54142-5,0.0,,,,,,,
54143-3,0.0,,,,,,,
54144-1,0.0,,,,,,,
54218-3,17.0,0.7458823529411764,0.4785793928849399,0.4,0.5,0.6,0.7,1.8
54410-6,0.0,,,,,,,
54456-9,6.0,75.5,10.38864765019971,55.6,75.3,77.94999999999999,81.725,84.1
54511-1,0.0,,,,,,,
547-0,0.0,,,,,,,
55274-5,0.0,,,,,,,
55465-9,0.0,,,,,,,
55729-8,1.0,0.02,,0.02,0.02,0.02,0.02,0.02
55752-0,1.0,626.9,,626.9,626.9,626.9,626.9,626.9
55758-7,478.0,0.5188284518828452,1.4003073516571054,0.0,0.0,0.0,0.0,6.0
56010-2,1.0,0.0,,0.0,0.0,0.0,0.0,0.0
56027-6,1.0,31.0,,31.0,31.0,31.0,31.0,31.0
5622-6,6.0,2.7000000000000006,1.2727922061357857,0.7,2.225,2.5999999999999996,3.725,4.1
5625-9,4.0,3.25,3.304037933599835,1.0,1.0,2.0,4.25,8.0
5631-7,5.0,121.4,13.296616110875728,108.0,108.0,122.0,133.0,136.0
5643-2,16.0,164.75,103.11385293289484,11.0,49.5,191.5,231.75,336.0
56481-5,0.0,,,,,,,
56536-6,1.0,2.3,,2.3,2.3,2.3,2.3,2.3
56537-4,3.0,2.6666666666666665,1.5275252316519468,1.0,2.0,3.0,3.5,4.0
56540-8,1.0,214.0,,214.0,214.0,214.0,214.0,214.0
5671-3,4.0,0.4,0.9521904571390466,-1.0,0.19999999999999996,0.8,1.0,1.0
56832-9,0.0,,,,,,,
56888-1,0.0,,,,,,,
57071-3,0.0,,,,,,,
57079-6,0.0,,,,,,,
57093-7,8.0,10.125,8.93528319161098,2.0,5.25,7.5,11.75,30.0
5724-0,4.0,131.75,8.381527307120106,124.0,124.75,132.0,139.0,139.0
57358-4,3.0,2.3333333333333335,0.901849950564579,1.4,1.9,2.4,2.8,3.2
57440-0,0.0,,,,,,,
57462-4,2.0,120.0,7.0710678118654755,115.0,117.5,120.0,122.5,125.0
5763-8,4.0,93.0,10.392304845413264,80.0,87.5,94.0,99.5,104.0
5767-9,0.0,,,,,,,
5770-3,0.0,,,,,,,
5774-5,0.0,,,,,,,
57751-0,0.0,,,,,,,
5778-6,0.0,,,,,,,
5783-6,0.0,,,,,,,
57901-1,0.0,,,,,,,
5792-7,33.0,230.9090909090909,286.46949702764647,30.0,50.0,100.0,250.0,1000.0
5794-3,0.0,,,,,,,
5796-8,40.0,5.975,9.762533036156716,1.0,2.0,3.0,6.0,61.0
5797-6,4.0,21.25,12.5,15.0,15.0,15.0,21.25,40.0
5799-2,0.0,,,,,,,
58009-2,0.0,,,,,,,
5802-4,0.0,,,,,,,
5803-2,904.0,6.040929203539823,0.8555632673247364,5.0,5.5,6.0,6.5,9.0
5804-0,140.0,58.785714285714285,48.58379777210655,30.0,30.0,30.0,100.0,300.0
5809-9,0.0,,,,,,,
5811-5,124.0,1.017040322580645,0.005799354034042838,1.004,1.014,1.015,1.0202499999999999,1.037
5814-9,0.0,,,,,,,
5817-2,0.0,,,,,,,
582-7,0.0,,,,,,,
5821-4,441.0,23.575963718820862,89.3104099757416,0.0,1.0,2.0,9.0,1194.0
584-3,0.0,,,,,,,
58413-6,1610.0,0.12894409937888202,0.9171290373797252,0.0,0.0,0.0,0.0,22.9
586-8,0.0,,,,,,,
5862-8,0.0,,,,,,,
5866-9,0.0,,,,,,,
58709-7,1.0,2.0,,2.0,2.0,2.0,2.0,2.0
58710-5,1.0,3.0,,3.0,3.0,3.0,3.0,3.0
5901-4,1.0,11.3,,11.3,11.3,11.3,11.3,11.3
5902-2,1349.0,16.361675315048185,7.768227756260528,8.7,11.8,13.3,17.8,70.9
5905-5,2146.0,8.39054054054054,3.9601527232077287,0.0,6.2,7.9,9.8,48.2
5908-9,0.0,,,,,,,
59263-4,0.0,,,,,,,
59264-2,0.0,,,,,,,
59410-1,1.0,96.0,,96.0,96.0,96.0,96.0,96.0
59412-7,28.0,94.64285714285714,4.138476063357638,78.0,93.75,95.5,97.0,99.0
59454-9,0.0,,,,,,,
59455-6,0.0,,,,,,,
59456-4,0.0,,,,,,,
59457-2,0.0,,,,,,,
59458-0,0.0,,,,,,,
59459-8,0.0,,,,,,,
59460-6,4236.0,39.32483474976393,22.155504018103056,0.0,25.0,35.0,50.0,110.0
59471-3,406.0,4.640394088669951,0.6303781677962093,1.6,4.5,4.7,4.9,6.3
5964-2,86.0,14.445348837209302,5.802852381306449,1.5,11.7,12.6,13.8,39.3
59673-4,0.0,,,,,,,
60026-2,0.0,,,,,,,
60340-7,0.0,,,,,,,
60346-4,8.0,90.125,14.672009308300522,61.0,81.25,99.5,100.0,100.0
60432-2,0.0,,,,,,,
60474-4,35.0,1.8582857142857145,1.2807132335361502,0.05,1.17,1.41,2.05,6.32
60489-2,0.0,,,,,,,
60522-0,0.0,,,,,,,
60794-5,3.0,35.0,0.0,35.0,35.0,35.0,35.0,35.0
60821-6,1.0,22.0,,22.0,22.0,22.0,22.0,22.0
60985-9,239.0,8.313807531380753,3.8618280792988036,0.0,6.0,9.0,10.0,28.0
61151-7,1079.0,3.6486561631139947,0.7908307739465417,0.9,3.2,3.9,4.2,5.5
61367-9,0.0,,,,,,,
61372-9,0.0,,,,,,,
61373-7,0.0,,,,,,,
61404-0,0.0,,,,,,,
6218-2,1.0,0.11,,0.11,0.11,0.11,0.11,0.11
62238-1,3805.0,74.73707713534823,30.7792880228441,4.5763,53.765,79.3154,98.9232,156.6641
62290-2,11.0,50.45454545454545,17.80091928167552,18.0,44.0,46.0,63.0,81.0
62292-8,89.0,29.905584269662917,13.5066298962676,0.04,21.0,31.0,37.3,71.0
62423-9,0.0,,,,,,,
6246-3,1.0,0.11,,0.11,0.11,0.11,0.11,0.11
62460-1,0.0,,,,,,,
62461-9,0.0,,,,,,,
626-2,0.0,,,,,,,
6298-4,498.0,4.027510040160642,0.6256957695845918,2.5,3.7,3.9,4.3,8.3
6299-2,310.0,20.238709677419354,23.017956651856977,4.0,11.0,13.0,19.0,256.0
630-4,0.0,,,,,,,
6301-6,1417.0,1.4907480592801692,0.7992196967217086,0.8,1.0,1.2,1.6,9.6
6302-4,1.0,78.0,,78.0,78.0,78.0,78.0,78.0
6303-2,2.0,31.5,3.5355339059327378,29.0,30.25,31.5,32.75,34.0
6320-6,0.0,,,,,,,
6321-4,0.0,,,,,,,
63370-1,4.0,1.55,0.7852812659593165,0.9,0.975,1.35,1.925,2.6
63376-8,0.0,,,,,,,
63391-7,0.0,,,,,,,
63453-5,4.0,1.75,0.5,1.0,1.75,2.0,2.0,2.0
63459-2,2.0,3.0,0.0,3.0,3.0,3.0,3.0,3.0
6349-5,0.0,,,,,,,
63503-7,0.0,,,,,,,
6357-8,0.0,,,,,,,
6371-9,0.0,,,,,,,
64084-7,35.0,0.5297142857142857,1.964744386479239,-0.01,0.0,0.01,0.035,9.1
6410-5,0.0,,,,,,,
6412-1,0.0,,,,,,,
6457-6,0.0,,,,,,,
6476-6,0.0,,,,,,,
6482-4,0.0,,,,,,,
6558-1,0.0,,,,,,,
65633-0,0.0,,,,,,,
6568-0,0.0,,,,,,,
6598-7,161.0,0.4533105590062112,1.0024535664809173,0.01,0.03,0.06,0.28,7.19
6683-7,1.0,13.9,,13.9,13.9,13.9,13.9,13.9
6690-2,836.0,7.107224880382775,2.689853358806613,1.7,5.3,6.5,8.2,23.9
67151-1,4.0,268.75,188.5,7.0,219.25,306.5,356.0,455.0
6741-3,5.0,9145.8,15640.006560100926,479.0,1028.0,3222.0,4000.0,37000.0
6743-9,55.0,767.4545454545455,3736.8375112999747,1.0,2.0,8.0,48.5,26500.0
6746-2,18.0,0.55,1.5409126401927793,0.0,0.0,0.0,0.0,6.0
675-9,0.0,,,,,,,
6768-6,1810.0,107.00939226519337,85.9041685213091,20.0,68.0,86.0,116.0,1333.0
67821-9,0.0,,,,,,,
6824-7,0.0,,,,,,,
68324-3,5.0,170.4,100.47537011626282,62.0,122.0,125.0,228.0,315.0
68518-0,0.0,,,,,,,
6864-3,0.0,,,,,,,
6873-4,19.0,0.7805263157894736,1.4796113366699848,0.08,0.12,0.17,0.725,6.42
6874-2,2.0,82.0,70.71067811865476,32.0,57.0,82.0,107.0,132.0
6875-9,3.0,23.833333333333332,18.33939293797189,9.5,13.5,17.5,31.0,44.5
6892-4,4.0,1.375,0.2217355782608345,1.1,1.25,1.4,1.525,1.6
68999-2,38.0,77.21052631578948,14.8618101089842,40.0,66.25,75.0,89.5,109.0
69000-8,40.0,80.525,14.309737584721454,52.0,70.75,78.5,94.5,108.0
69001-6,40.0,84.05,16.520306075267275,50.0,74.0,82.0,96.5,118.0
69002-4,0.0,,,,,,,
69562-7,0.0,,,,,,,
69563-5,0.0,,,,,,,
69565-0,0.0,,,,,,,
69566-8,0.0,,,,,,,
69567-6,0.0,,,,,,,
69937-1,0.0,,,,,,,
69945-4,0.0,,,,,,,
70173-0,0.0,,,,,,,
70184-7,0.0,,,,,,,
702-1,0.0,,,,,,,
70274-6,19.0,7.2105263157894735,6.494261974735176,0.0,2.5,6.0,9.5,20.0
703-9,0.0,,,,,,,
704-7,2173.0,3.206889093419236,12.828114891214048,0.0,0.0,0.02,0.06,129.0
706-2,2150.0,0.5324558139534884,0.41925205028356544,0.0,0.3,0.48,0.7,4.3
707-0,1.0,1.0,,1.0,1.0,1.0,1.0,1.0
708-8,24.0,5.368333333333333,3.8972104479181406,0.56,2.7475,4.325,8.9675,15.58
709-6,21.0,49.04761904761905,35.26113468179405,1.0,6.0,59.0,82.0,89.0
711-2,2151.0,15.698168293816831,68.72690772190602,0.0,0.07,0.12,0.27,893.0
713-8,2130.0,2.4052300469483567,2.403697083645968,0.0,0.8,1.9,3.2150000000000003,30.0
71344-6,0.0,,,,,,,
71346-1,0.0,,,,,,,
71347-9,0.0,,,,,,,
71348-7,0.0,,,,,,,
71350-3,0.0,,,,,,,
71351-1,0.0,,,,,,,
71352-9,0.0,,,,,,,
71353-7,0.0,,,,,,,
714-6,61.0,0.319672131147541,1.1755593948033347,0.0,0.0,0.0,0.0,8.0
71431-1,0.0,,,,,,,
71695-1,827.0,0.46268440145102785,0.4035247855797881,0.0,0.3,0.4,0.5,5.3
71772-8,6.0,3.5066666666666664,3.220979147195254,1.43,1.6949999999999998,1.9100000000000001,3.835,9.69
71774-4,7.0,8.848571428571429,0.690782854724227,7.67,8.5,9.08,9.295,9.6
71776-9,27.0,0.09407407407407406,0.18429197693750196,0.0,0.02,0.03,0.08499999999999999,0.84
718-7,4595.0,11.707856365614798,2.3335800057581313,2.0,10.0,11.8,13.4,18.6
71942-7,1.0,0.0,,0.0,0.0,0.0,0.0,0.0
72106-8,1.0,30.0,,30.0,30.0,30.0,30.0,30.0
72137-3,1.0,14718697.0,,14718697.0,14718697.0,14718697.0,14718697.0,14718697.0
72138-1,4.0,14753849.25,180959.00206285215,14578582.0,14656686.25,14716534.5,14813697.5,15003746.0
72139-9,4.0,14603408.0,272220.73966789036,14239863.0,14473087.5,14671129.0,14801449.5,14831511.0
72142-3,16.0,14641544.625,164887.44436326862,14296898.0,14528691.0,14643667.5,14793699.0,14867556.0
72166-2,0.0,,,,,,,
72223-1,0.0,,,,,,,
72323-9,0.0,,,,,,,
72328-8,0.0,,,,,,,
72389-0,0.0,,,,,,,
72391-6,0.0,,,,,,,
72495-5,0.0,,,,,,,
72514-3,0.0,,,,,,,
72607-5,0.0,,,,,,,
728-6,0.0,,,,,,,
72887-3,0.0,,,,,,,
731-0,2176.0,149.56397977941174,576.4065619649034,0.0,1.0,1.5,2.3,7957.0
733-6,0.0,,,,,,,
73561-3,3.0,-0.3333333333333333,1.5947831618540915,-1.4,-1.25,-1.1,0.19999999999999996,1.5
73572-0,15.0,0.5546666666666666,0.06092931111034287,0.47,0.515,0.54,0.57,0.72
736-9,2143.0,23.475725618292113,12.661784199185846,0.9,14.149999999999999,22.0,30.85,82.1
737-7,1.0,18.0,,18.0,18.0,18.0,18.0,18.0
738-5,0.0,,,,,,,
73984-7,4.0,0.0,0.0,0.0,0.0,0.0,0.0,0.0
73985-4,0.0,,,,,,,
741-9,0.0,,,,,,,
742-7,2152.0,41.34600836431227,150.59532867179078,0.0,0.4,0.6,0.8,1853.0
743-5,7.0,10.142857142857142,5.899959644736886,3.0,6.5,9.0,12.5,21.0
744-3,2.0,6.0,1.4142135623730951,5.0,5.5,6.0,6.5,7.0
74667-7,1.0,6.4,,6.4,6.4,6.4,6.4,6.4
74668-5,1.0,6.7,,6.7,6.7,6.7,6.7,6.7
74669-3,2.0,6.9,0.5656854249492379,6.5,6.7,6.9,7.1,7.3
74751-9,1.0,24.0,,24.0,24.0,24.0,24.0,24.0
74793-1,42.0,35.095238095238095,1.5271450137912583,32.0,34.0,35.0,36.0,40.0
74822-8,0.0,,,,,,,
74838-4,8.0,1594.375,1534.867601316618,32.0,95.25,1549.5,2421.25,4026.0
749-2,1.0,1.0,,1.0,1.0,1.0,1.0,1.0
751-8,1995.0,370.298,1345.264151194041,0.0,3.365,5.11,7.9399999999999995,12567.0
75241-0,41.0,6.496097560975609,13.217717442517975,0.06,0.11,0.19,1.9,53.55
75263-4,0.0,,,,,,,
75292-3,5.0,67.96,8.203231070742794,59.5,63.6,63.6,74.1,79.0
75320-2,0.0,,,,,,,
75490-3,0.0,,,,,,,
75605-6,1.0,14.2,,14.2,14.2,14.2,14.2,14.2
75624-7,1.0,20.0,,20.0,20.0,20.0,20.0,20.0
75626-2,231.0,1.0043290043290043,2.4574603990755692,0.0,0.0,0.0,1.0,22.0
75919-1,21.0,3.552380952380952,1.0865629515214699,1.6,3.2,3.6,4.2,5.7
75958-9,436.0,279.3142889908257,264.7514418194362,3.18,5.5,409.5,511.25,1148.0
75994-4,4.0,18.75,4.272001872658765,16.0,16.0,17.0,19.75,25.0
76070-2,0.0,,,,,,,
76078-5,0.0,,,,,,,
76080-1,0.0,,,,,,,
76084-3,0.0,,,,,,,
76085-0,0.0,,,,,,,
76086-8,0.0,,,,,,,
76087-6,0.0,,,,,,,
76089-2,0.0,,,,,,,
76214-6,1455.0,81.35237113402061,14.47527487651782,0.0,72.0,80.0,90.0,178.0
76282-3,13054.0,81.24296767274399,19.52054956881735,0.0,69.0,78.0,90.0,889.0
764-1,1.0,1.0,,1.0,1.0,1.0,1.0,1.0
76536-2,21952.0,86.7452168367347,16.77302404052085,0.0,77.0,85.0,96.0,922.0
76633-7,200.0,81.284384,30.965905595100352,11.922,61.31875,80.74855,96.98462500000001,184.9777
76690-7,0.0,,,,,,,
76691-5,0.0,,,,,,,
770-8,2145.0,64.95818181818181,14.728348327421749,1.2,56.5,65.3,75.0,98.6
77022-2,0.0,,,,,,,
77023-0,0.0,,,,,,,
77024-8,0.0,,,,,,,
77026-3,0.0,,,,,,,
77027-1,0.0,,,,,,,
771-6,21.0,0.0009523809523809524,0.004364357804719848,0.0,0.0,0.0,0.0,0.02
77147-7,215.0,47.7906976744186,28.969495832052587,15.0,19.0,46.0,62.0,124.0
772-4,3.0,0.0,0.0,0.0,0.0,0.0,0.0,0.0
77307-7,2.0,1.0,0.0,1.0,1.0,1.0,1.0,1.0
774-0,0.0,,,,,,,
776-5,149.0,9.322147651006711,1.3317761782156519,6.3,8.5,9.3,10.2,14.4
77616-1,1.0,0.39,,0.39,0.39,0.39,0.39,0.39
777-3,4165.0,225.61296518607443,102.21641741620769,1.0,165.0,225.0,279.0,1063.0
7789-1,0.0,,,,,,,
779-9,0.0,,,,,,,
7790-9,0.0,,,,,,,
7791-7,0.0,,,,,,,
7792-5,0.0,,,,,,,
7793-3,0.0,,,,,,,
7795-8,0.0,,,,,,,
7796-6,0.0,,,,,,,
7797-4,0.0,,,,,,,
7798-2,0.0,,,,,,,
7799-0,22.0,1205.5136363636364,1823.7568001232155,161.0,217.14999999999998,635.9,911.3,6716.0
78012-2,0.0,,,,,,,
783-1,1.0,2.0,,2.0,2.0,2.0,2.0,2.0
785-6,4199.0,30.025529888068586,2.5881433024792937,17.1,28.8,30.2,31.5,43.0
786-4,4196.0,33.27928979980935,1.3197726430056376,27.4,32.5,33.5,34.2,36.5
787-2,4200.0,90.18680952380952,6.6122366888189825,59.1,86.5,90.3,94.0,125.3
788-0,3881.0,14.881345014171606,2.43793311663636,11.0,13.2,14.3,15.9,28.0
789-8,4204.0,3.9357112274024746,0.8131076689066757,0.84,3.3275,4.0,4.51,6.93
7905-3,0.0,,,,,,,
7917-8,0.0,,,,,,,
79210-1,0.0,,,,,,,
79348-9,41.0,65.49926829268293,39.48306373562239,10.0,18.3,81.5,93.4,136.0
798-9,1.0,1.0,,1.0,1.0,1.0,1.0,1.0
7983-0,1.0,0.2,,0.2,0.2,0.2,0.2,0.2
7984-8,1.0,0.4,,0.4,0.4,0.4,0.4,0.4
800-3,0.0,,,,,,,
8014-3,16.0,25.808124999999997,25.562032579263594,1.23,4.275,14.0,42.0,76.0
802-9,0.0,,,,,,,
80288-4,0.0,,,,,,,
803-7,0.0,,,,,,,
80334-6,0.0,,,,,,,
80348-6,0.0,,,,,,,
80349-4,0.0,,,,,,,
80350-2,0.0,,,,,,,
80351-0,0.0,,,,,,,
80387-4,0.0,,,,,,,
8061-4,0.0,,,,,,,
8065-5,6.0,5.166666666666667,3.763863263545405,1.0,2.5,4.5,7.25,11.0
8067-1,6.0,10.0,8.148619514985345,5.0,5.25,6.5,10.0,26.0
8074-7,1.0,2.8,,2.8,2.8,2.8,2.8,2.8
8098-6,8.0,481.22499999999997,651.6187595957799,1.0,10.15,173.0,723.825,1570.9
8099-4,16.0,142.55624999999998,199.68921175583492,0.5,8.75,49.599999999999994,160.25,646.0
8101-8,2.0,31.5,10.606601717798213,24.0,27.75,31.5,35.25,39.0
8112-5,1.0,14.0,,14.0,14.0,14.0,14.0,14.0
8116-6,1.0,263.0,,263.0,263.0,263.0,263.0,263.0
8117-4,1.0,17.0,,17.0,17.0,17.0,17.0,17.0
8122-4,2.0,877.0,246.07315985291854,703.0,790.0,877.0,964.0,1051.0
81228-9,0.0,,,,,,,
8123-2,15.0,26.0,4.9856938190329,19.0,22.5,26.0,27.5,40.0
8124-0,2.0,69.5,2.1213203435596424,68.0,68.75,69.5,70.25,71.0
81673-6,0.0,,,,,,,
8191-9,0.0,,,,,,,
82160-3,0.0,,,,,,,
82161-1,0.0,,,,,,,
82162-9,0.0,,,,,,,
82163-7,0.0,,,,,,,
82164-5,0.0,,,,,,,
82165-2,0.0,,,,,,,
82166-0,0.0,,,,,,,
82169-4,0.0,,,,,,,
82170-2,0.0,,,,,,,
82171-0,0.0,,,,,,,
82172-8,0.0,,,,,,,
82173-6,0.0,,,,,,,
82174-4,0.0,,,,,,,
82175-1,0.0,,,,,,,
82176-9,0.0,,,,,,,
82177-7,0.0,,,,,,,
82178-5,0.0,,,,,,,
82179-3,0.0,,,,,,,
82196-7,0.0,,,,,,,
82197-5,0.0,,,,,,,
82198-3,0.0,,,,,,,
82199-1,0.0,,,,,,,
82200-7,0.0,,,,,,,
82201-5,0.0,,,,,,,
82202-3,0.0,,,,,,,
82203-1,0.0,,,,,,,
82205-6,0.0,,,,,,,
82206-4,0.0,,,,,,,
82207-2,0.0,,,,,,,
82208-0,0.0,,,,,,,
82209-8,0.0,,,,,,,
82210-6,0.0,,,,,,,
82211-4,0.0,,,,,,,
82212-2,0.0,,,,,,,
82213-0,0.0,,,,,,,
8245-3,1.0,525.0,,525.0,525.0,525.0,525.0,525.0
8246-1,0.0,,,,,,,
8247-9,0.0,,,,,,,
82477-1,20.0,45.4,30.196549123159233,5.0,26.5,32.5,70.5,111.0
8249-5,0.0,,,,,,,
8251-1,9.0,3828.7999999999997,7640.9046018779745,-60.4,-39.6,9.5,14.3,17306.0
82667-7,18.0,3.1666666666666665,3.014670014133827,0.0,1.0,1.5,4.75,10.0
82781-6,0.0,,,,,,,
8280-0,1.0,71.0,,71.0,71.0,71.0,71.0,71.0
83081-0,0.0,,,,,,,
8338-6,2.0,125.5,9.192388155425117,119.0,122.25,125.5,128.75,132.0
8348-5,151.0,84.44562913907288,29.381682288486218,52.27,53.6,86.63,122.0,123.63
8385-7,84.0,17.178571428571427,5.3821675981966095,6.0,13.0,17.0,21.0,35.0
8414-5,84.0,25.154761904761905,5.4761125240778785,13.0,21.75,25.0,28.25,46.0
8440-0,84.0,40.92857142857143,7.869088087712952,18.0,36.0,40.5,45.0,68.0
8478-0,953.0,89.43406789087094,11.257236349470213,41.0,82.0,90.0,96.0,142.0
8514-2,4.0,87.25,12.230426539304888,72.0,80.25,89.0,96.0,99.0
8515-9,20.0,75.35,13.199980063780798,58.0,64.75,73.0,82.75,107.0
85151-9,6.0,51.833333333333336,69.433181308843,0.0,7.25,11.5,102.0,150.0
8530-8,1.0,119.0,,119.0,119.0,119.0,119.0,119.0
8531-6,2.0,125.16665,5.892532939661862,121.0,123.083325,125.16665,127.249975,129.3333
8546-4,4.0,145.5,16.921386861996073,131.0,132.5,142.0,155.0,167.0
8547-2,20.0,142.0,19.582484117458804,93.0,129.75,145.5,157.0,174.0
8591-0,77.0,12.38961038961039,10.645181568939071,0.0,6.0,11.0,16.0,82.0
85954-6,2.0,29.14,40.81420341008752,0.28,14.709999999999999,29.14,43.57,58.0
85977-7,1.0,0.6,,0.6,0.6,0.6,0.6,0.6
85991-8,1.0,0.66,,0.66,0.66,0.66,0.66,0.66
86009-8,1.0,2.38,,2.38,2.38,2.38,2.38,2.38
86024-7,1.0,1.69,,1.69,1.69,1.69,1.69,1.69
86039-5,1.0,0.91,,0.91,0.91,0.91,0.91,0.91
86045-2,1.0,3.62,,3.62,3.62,3.62,3.62,3.62
86052-8,1.0,0.9,,0.9,0.9,0.9,0.9,0.9
86064-3,1.0,3.04,,3.04,3.04,3.04,3.04,3.04
86080-9,2.0,37.255,51.96527734939938,0.51,18.8825,37.255,55.6275,74.0
86098-1,1.0,3.08,,3.08,3.08,3.08,3.08,3.08
86107-0,2.0,41.175,57.73526868388161,0.35,20.762500000000003,41.175,61.5875,82.0
86123-7,1.0,2.28,,2.28,2.28,2.28,2.28,2.28
86130-2,2.0,43.64,59.9060865021243,1.28,22.46,43.64,64.82,86.0
86136-9,1.0,89.0,,89.0,89.0,89.0,89.0,89.0
86147-6,1.0,0.77,,0.77,0.77,0.77,0.77,0.77
86169-0,1.0,0.86,,0.86,0.86,0.86,0.86,0.86
86243-3,0.0,,,,,,,
8633-0,849.0,98.34393404004712,25.4242208109649,52.0,83.0,92.0,104.0,204.0
8664-5,1.0,4.0,,4.0,4.0,4.0,4.0,4.0
8665-2,17.0,11866404.647058824,10219766.476234106,1981.0,1997.0,20140324.0,20160916.0,20180304.0
87535-1,0.0,,,,,,,
87621-9,0.0,,,,,,,
88031-0,0.0,,,,,,,
88112-8,37.0,34.45945945945946,44.926232496909485,13.0,21.0,25.0,29.0,290.0
882-1,0.0,,,,,,,
88293-6,34.0,99.38235294117646,27.113694075450365,40.0,79.5,98.0,116.75,162.0
88294-4,34.0,85.94117647058823,23.564149936085933,34.0,69.25,85.0,100.75,141.0
88517-8,7.0,2.4085714285714284,4.103544925108162,0.0,0.005,0.02,3.8649999999999998,9.1
88615-0,0.0,,,,,,,
88718-2,0.0,,,,,,,
88721-6,0.0,,,,,,,
8884-9,0.0,,,,,,,
8885-6,0.0,,,,,,,
8898-9,0.0,,,,,,,
8899-7,0.0,,,,,,,
890-4,0.0,,,,,,,
8900-3,0.0,,,,,,,
8901-1,0.0,,,,,,,
8902-9,0.0,,,,,,,
8903-7,0.0,,,,,,,
8904-5,0.0,,,,,,,
8905-2,0.0,,,,,,,
8906-0,0.0,,,,,,,
8907-8,0.0,,,,,,,
8908-6,0.0,,,,,,,
8909-4,0.0,,,,,,,
8910-2,0.0,,,,,,,
8911-0,0.0,,,,,,,
8912-8,0.0,,,,,,,
8913-6,0.0,,,,,,,
89270-3,10.0,25.009,4.510571409970632,19.97,21.877499999999998,24.415,26.285,35.02
89276-0,1.0,100.0,,100.0,100.0,100.0,100.0,100.0
89277-8,1462.0,97.52667578659371,4.861283130874349,0.0,97.0,99.0,100.0,100.0
89278-6,10084.0,79.6143395477985,23.945977014607504,0.0,65.0,76.0,90.0,1116.0
89280-2,9876.0,119.16140137707573,31.63389421827731,-308.0,103.0,118.0,134.0,334.0
89281-0,8174.0,64.382065084414,23.84140934492657,-308.0,55.0,63.0,73.0,342.0
89692-8,1.0,154.0,,154.0,154.0,154.0,154.0,154.0
91820-1,0.0,,,,,,,
9187-6,12.0,327.9166666666667,467.61220497590125,10.0,71.25,150.0,312.5,1600.0
9197-5,3.0,196.33333333333334,170.64680874054847,0.0,140.0,280.0,294.5,309.0
92131-2,0.0,,,,,,,
92141-1,0.0,,,,,,,
92142-9,0.0,,,,,,,
92702-0,0.0,,,,,,,
9305-4,6.0,58.666666666666664,41.14203041497425,4.0,25.25,76.5,88.75,94.0
9306-2,6.0,40.333333333333336,41.955532015059305,4.0,9.75,22.0,74.75,96.0
9317-9,0.0,,,,,,,
9318-7,25.0,500.4,591.519050129974,2.0,35.0,333.0,753.0,2305.0
9321-1,2.0,87.0,9.899494936611665,80.0,83.5,87.0,90.5,94.0
93246-7,0.0,,,,,,,
9383-1,1.0,62.9,,62.9,62.9,62.9,62.9,62.9
9393-0,2.0,48.849999999999994,44.47701653663384,17.4,33.125,48.849999999999994,64.575,80.3
9397-1,0.0,,,,,,,
94309-2,0.0,,,,,,,
94349-8,1.0,0.0,,0.0,0.0,0.0,0.0,0.0
94500-6,0.0,,,,,,,
94505-5,1.0,4.11,,4.11,4.11,4.11,4.11,4.11
94533-7,0.0,,,,,,,
94558-4,0.0,,,,,,,
94563-4,0.0,,,,,,,
94564-2,0.0,,,,,,,
94565-9,0.0,,,,,,,
94694-7,1.0,0.0,,0.0,0.0,0.0,0.0,0.0
94762-2,0.0,,,,,,,
94816-6,1.0,0.0,,0.0,0.0,0.0,0.0,0.0
9587-7,0.0,,,,,,,
9588-5,0.0,,,,,,,
9589-3,0.0,,,,,,,
9590-1,0.0,,,,,,,
9591-9,0.0,,,,,,,
9592-7,0.0,,,,,,,
9593-5,0.0,,,,,,,
9594-3,0.0,,,,,,,
9595-0,0.0,,,,,,,
9596-8,0.0,,,,,,,
9597-6,0.0,,,,,,,
9598-4,0.0,,,,,,,
9599-2,0.0,,,,,,,
9622-2,5.0,40.662,87.95671816296922,0.31,1.41,1.79,1.8,198.0
9728-7,1.0,215.0,,215.0,215.0,215.0,215.0,215.0
9800-4,3.0,2.3333333333333335,1.5275252316519465,1.0,1.5,2.0,3.0,4.0
9813-7,4.0,13.600000000000001,17.56340893258861,0.5,0.575,8.1,21.125,37.7
9830-1,360.0,3.3352777777777773,1.1818049226800562,1.3,2.5,3.1,3.9,8.6
9842-6,11.0,1.2727272727272727,3.608071759012259,0.0,0.0,0.0,0.0,12.0
98979-8,78.0,79.94871794871794,17.65314985020236,36.0,70.25,81.0,91.75,130.0
98980-6,1.0,78.0,,78.0,78.0,78.0,78.0,78.0
LP14161-1,0.0,,,,,,,
LP14270-0,0.0,,,,,,,
LP14304-7,116.0,4.364827586206896,0.8548027819924015,1.75,3.8825000000000003,4.545,5.0024999999999995,5.91
LP14343-5,51.0,1.9411764705882353,0.2578189058918956,1.4,1.8,2.0,2.1,2.5
LP14348-4,3.0,158.33333333333334,102.5735508468598,41.0,122.0,203.0,217.0,231.0
LP14355-9,113.0,1.0197345132743363,0.5263595664307799,0.29,0.72,0.92,1.13,3.97
LP14419-3,45.0,9.627555555555556,4.1997944514396695,4.69,6.14,9.13,11.09,24.77
LP14449-0,150.0,12.188,2.8554650298879083,2.0,10.9,12.649999999999999,14.3,17.1
LP14487-0,16.0,1.9860625,1.067400859955309,0.676,1.2275,1.67,2.365,4.09
LP14492-0,142.0,18.943661971830984,12.325821738542087,6.0,12.0,15.0,21.0,103.0
LP14536-4,1.0,96.0,,96.0,96.0,96.0,96.0,96.0
LP14574-5,0.0,,,,,,,
LP14597-6,103.0,256.20388349514565,64.83619771231356,114.0,223.0,248.0,289.0,468.0
LP14635-4,137.0,137.82481751824818,88.2844581794136,36.0,95.0,106.0,140.0,600.0
LP14651-1,14.0,4239.642857142857,15767.219961812412,1.0,1.0,2.5,71.0,59021.0
LP14676-8,3.0,10.0,5.291502622129181,4.0,8.0,12.0,13.0,14.0
LP14752-7,1.0,7.22,,7.22,7.22,7.22,7.22,7.22
LP14915-0,40.0,85.875,152.6051024955991,3.0,28.0,40.5,57.25,670.0
LP15023-2,5.0,26.78000000000001,55.01497068980406,0.1,0.3,0.3,8.2,125.0
LP15033-1,1.0,335.0,,335.0,335.0,335.0,335.0,335.0
LP15098-4,124.0,4.076612903225806,0.4805330493727463,2.9,3.775,4.0,4.3,5.4
LP15099-2,112.0,139.03571428571428,4.378342628196676,123.0,137.0,139.0,141.0,159.0
LP15101-6,134.0,38.79179104477612,6.5190530299374965,17.5,34.95,39.95,44.275,51.2
LP15191-7,115.0,89.69478260869563,6.38863908685966,66.9,85.55000000000001,89.2,94.35,105.1
LP15257-6,146.0,9.343150684931508,1.0391579836908789,7.1,8.9,9.3,9.6,17.4
LP15271-7,1.0,10.0,,10.0,10.0,10.0,10.0,10.0
LP15272-5,3.0,305.3333333333333,21.361959960016154,293.0,293.0,293.0,311.5,330.0
LP15275-8,9.0,107.44444444444444,32.24946166648023,64.0,84.0,108.0,118.0,159.0
LP15333-5,67.0,38.134328358208954,77.32671644674951,5.0,14.0,23.0,31.5,468.0
LP15346-7,58.0,112.41379310344827,80.23890522480812,44.0,71.25,84.5,122.75,472.0
LP15355-8,5.0,48.2,16.407315441594946,28.0,34.0,54.0,59.0,66.0
LP15426-7,67.0,51.507462686567166,103.47776413673239,9.0,19.0,25.0,38.0,624.0
LP15441-6,128.0,24.2578125,2.837449486178419,15.0,22.0,25.0,26.0,30.0
LP15445-7,57.0,0.28947368421052627,0.662162099954793,0.2,0.2,0.2,0.2,5.2
LP15448-1,58.0,0.7017241379310345,1.2166233656284526,0.2,0.3,0.4,0.6,7.4
LP15483-8,126.0,100.4047619047619,8.419195753921935,20.0,98.0,101.0,104.0,119.0
LP15489-5,0.0,,,,,,,
LP15491-1,3.0,69.0,11.532562594670797,56.0,64.5,73.0,75.5,78.0
LP15492-9,0.0,,,,,,,
LP15493-7,43.0,129.2325581395349,59.81034996008409,32.0,66.0,140.0,165.5,236.0
LP15505-8,1.0,4000.0,,4000.0,4000.0,4000.0,4000.0,4000.0
LP15510-8,5.0,260.0,205.29490982486632,30.0,152.0,200.0,356.0,562.0
LP15575-1,1.0,10.7,,10.7,10.7,10.7,10.7,10.7
LP15677-5,1.0,50.0,,50.0,50.0,50.0,50.0,50.0
LP15686-6,38.0,2.118421052631579,1.463401307055161,0.8,1.2,1.7,2.1750000000000003,6.1
LP15701-3,0.0,,,,,,,
LP15942-3,37.0,2.1621621621621623,0.9863939238321439,2.0,2.0,2.0,2.0,8.0
LP15957-1,72.0,37.33888888888888,21.43630299449948,23.4,30.75,32.900000000000006,37.275000000000006,199.6
LP15987-8,10.0,307.8,290.3774555069086,150.0,150.0,209.5,258.0,1088.0
LP16359-9,1.0,4.0,,4.0,4.0,4.0,4.0,4.0
LP16371-4,1.0,58.0,,58.0,58.0,58.0,58.0,58.0
LP16409-2,9.0,32.55555555555556,19.072959334559958,9.0,16.0,30.0,50.0,65.0
LP16812-7,34.0,1.0088235294117647,0.6061891129356508,0.36,0.705,0.9099999999999999,1.0550000000000002,3.56
LP16870-5,83.0,14.328915662650605,5.445730709116555,9.5,11.7,12.6,13.8,39.3
LP17102-2,74.0,1.2824324324324323,0.46060059306408685,0.8,1.1,1.1,1.3,3.2
LP17145-1,69.0,0.0444927536231884,0.09064371481218714,0.01,0.01,0.01,0.02,0.44
LP17274-9,0.0,,,,,,,
LP17388-7,0.0,,,,,,,
LP17644-3,0.0,,,,,,,
LP17657-5,112.0,10.250892857142857,0.7552811702105686,8.9,9.6,10.2,10.7,12.7
LP17676-5,0.0,,,,,,,
LP17689-8,115.0,29.21304347826086,2.1219207510017086,20.7,28.0,29.4,30.55,35.3
LP17695-5,115.0,32.59391304347826,1.3629358762973962,28.2,31.9,32.5,33.4,36.2
LP17698-9,115.0,14.301739130434783,2.0328004453581667,11.2,12.9,13.9,15.2,20.8
LP21258-6,40.0,96.9225,12.62960477080208,36.9,96.0,98.0,99.0,146.0
LP28609-3,3.0,8542.0,6204.572829776438,1800.0,5807.0,9814.0,11913.0,14012.0
LP30809-5,109.0,13.678899082568808,2.7382095188920443,7.0,12.0,14.0,15.0,21.0
LP30906-9,0.0,,,,,,,
LP31268-3,1.0,1157.0,,1157.0,1157.0,1157.0,1157.0,1157.0
LP31682-5,1.0,53.55,,53.55,53.55,53.55,53.55,53.55
LP35012-1,10.0,250.6,620.2533890811615,10.0,48.0,66.5,69.25,2015.0
LP35925-4,74.0,27.117702702702704,8.831072251764391,13.68,21.6375,24.240000000000002,31.52,50.0
LP36978-2,0.0,,,,,,,
LP38331-2,0.0,,,,,,,
LP39546-4,0.0,,,,,,,
LP6118-6,68.0,4.557352941176471,4.564245084020594,2.5,3.6750000000000003,4.2,4.5,41.3
LP62820-3,105.0,76.6952380952381,28.988102270760557,15.0,50.0,80.0,100.0,120.0
LP62821-1,105.0,86.25714285714285,30.301697265051956,17.0,58.0,93.0,115.0,120.0
LP64598-3,62.0,64.70270483870969,3.7360112346001,56.9999,62.05115,64.9802,66.95855,74.9998
LP65139-5,129.0,174.10520232558142,49.05071455698057,89.9993,136.687,167.551,198.416,360.235
LP65487-8,384.0,37.13880208333333,4.335496770003531,36.1,36.6,36.7,37.0,99.0
LP72199-0,344.0,18.674418604651162,5.183944400201056,8.0,16.0,17.0,20.0,56.0
LP72677-5,446.0,89.03363228699551,22.385614136315066,46.0,73.0,85.0,99.0,193.0
